  VERBA DIMAC;VERBA INTERNALIZADA;VERBA ENDOMARKETING;NOME DO CDA;DESCRITIVO ATUALIZADO ;ENCAMINHAMENTOS PARA ABSORÇÃO DO SERVIÇO;IRPJ;COFINS;CSLL;PIS/PASEP;RETÉM INSS;RETÉM ISS ?;CÓDIGO - LC 116;;;;;;;;;;;;;;;;;;;;;;;;;;;;;;;;;;;;;;;;;;;;;;;;;;;;;;;;;;;;;;;;;;;;;;;;;;;;;;;;;;;;;;;;;;;;;;;;;;;;;;;;;;;;;
1351;4402;2593;TAXA DE ASSESSORIA   ;EVENTO PARA REGISTRAR GASTOS  COM TAXA DE ASSESSORIA PARA A EMPRESA DE  ORGANIZAÇÃO E LOGÍSTICA DE EVENTOS, REFERENTE A INTERMEDIACAO DE SERVIÇOS COM OS FORNECEDORES.;;4,80;3,00;1,00;0,65;NÃO;SIM;17.10 – Planejamento, organização e administração de feiras, exposições, congressos e congêneres.;;;;;;;;;;;;;;;;;;;;;;;;;;;;;;;;;;;;;;;;;;;;;;;;;;;;;;;;;;;;;;;;;;;;;;;;;;;;;;;;;;;;;;;;;;;;;;;;;;;;;;;;;;;;;
1510;4390;4799;EQUIPE DE PRODUÇÃO;REGISTRAR OS GASTOS COM MÃO DE OBRA DE PROFISSIONAIS FORNECIDOS PELA AGÊNCIA, QUE COMPÕEM A EQUIPE DE PRODUÇAO DE EVENTO PROMOCIONAL,  PARA REGISTRO DE DESPESAS COM OS SEGUINTES PROFISSIONAIS: DIRETOR, COORDENADOR, SUPERVISOR, ASSISTENTE, TECNICO, AUXILIAR, MONITOR, AGENDADOR DE VISITAS,;;4,80;3,00;1,00;0,65;NÃO;SIM;17.10 – Planejamento, organização e administração de feiras, exposições, congressos e congêneres.;;;;;;;;;;;;;;;;;;;;;;;;;;;;;;;;;;;;;;;;;;;;;;;;;;;;;;;;;;;;;;;;;;;;;;;;;;;;;;;;;;;;;;;;;;;;;;;;;;;;;;;;;;;;;
1519;4414;NÃO UTILIZADO; ASSESSORIA DE IMPRENSAA;"REGISTRAR OS GASTOS COM SERVIÇOS DE ASSESSORIA DE IMPRENSAA EM EVENTOS   PROMOCIONAIS
";;4,80;3,00;1,00;0,65;SIM ;SIM;35.01 - Serviços de reportagem, assessoria de imprensa, jornalismo e relações públicas;;;;;;;;;;;;;;;;;;;;;;;;;;;;;;;;;;;;;;;;;;;;;;;;;;;;;;;;;;;;;;;;;;;;;;;;;;;;;;;;;;;;;;;;;;;;;;;;;;;;;;;;;;;;;
3279;4398;4800;MONITORAMENTO E MEDIÇÃO DE RESULTADOS;REGISTRAR O PAGAMENTO DE DESPESAS COM AVALIAÇÃO QUALITATIVA E QUANTITATIVA DOS RESULTADOS E IMPACTOS DA AÇÃO PROMOCIONAL.;;4,80;3,00;1,00;0,65;NÃO;SIM;17.10 – Planejamento, organização e administração de feiras, exposições, congressos e congêneres.;;;;;;;;;;;;;;;;;;;;;;;;;;;;;;;;;;;;;;;;;;;;;;;;;;;;;;;;;;;;;;;;;;;;;;;;;;;;;;;;;;;;;;;;;;;;;;;;;;;;;;;;;;;;;
3277;4411;4801;CRIAÇÃO IDENTIDADE VISUAL E ADAPTAÇÃO DE PEÇAS;REGISTRAR O PAGAMENTO DE DESPESAS COM CRIAÇÃO E ADAPTAÇÃO DE IDENTIDADE VISUAL PARA A AÇÃO/EVENTO, INCLUINDO MARCA, SELO E MANUAL DE APLICAÇÃO PARA A AÇÃO PROMOCIONAL.;;4,80;3,00;1,00;0,65;NÃO;SIM;17.10 – Planejamento, organização e administração de feiras, exposições, congressos e congêneres.;;;;;;;;;;;;;;;;;;;;;;;;;;;;;;;;;;;;;;;;;;;;;;;;;;;;;;;;;;;;;;;;;;;;;;;;;;;;;;;;;;;;;;;;;;;;;;;;;;;;;;;;;;;;;
3276;4412;4802;PLANEJAMENTO DE PROJETO;REGISTRAR O PAGAMENTO DE DESPESAS COM ESTUDO/DIAGNÓSTICO ADAPTAÇÃO DE PLANEJAMENTO, PLANEJAMENTO DE PROJETO/AÇÃO OU A DECUPAGEM DETALHADA.;;4,80;3,00;1,00;0,65;NÃO;SIM;17.10 – Planejamento, organização e administração de feiras, exposições, congressos e congêneres.;;;;;;;;;;;;;;;;;;;;;;;;;;;;;;;;;;;;;;;;;;;;;;;;;;;;;;;;;;;;;;;;;;;;;;;;;;;;;;;;;;;;;;;;;;;;;;;;;;;;;;;;;;;;;
3216;;4810;TRANSFERÊNCIA DE HOSPEDAGEM-PLATAFORMA MERCHANDISING;REGISTRAR GASTOS COM A CONTRATAÇÃO DE TRANSFERÊNCIA DE HOSPEDAGEM DE PLATAFORMA MERCHANDISING PARA O SERVIDOR DA AGÊNCIA DE PROMOÇÃO.;;4,80;3,00;1,00;0,65;NÃO;SIM;1.03 - Processamento, armazenamento ou hospedagem de dados, textos, imagens, vídeos, páginas eletrônicas, aplicativos e sistemas de informação, entre outros formatos, e congêneres;;;;;;;;;;;;;;;;;;;;;;;;;;;;;;;;;;;;;;;;;;;;;;;;;;;;;;;;;;;;;;;;;;;;;;;;;;;;;;;;;;;;;;;;;;;;;;;;;;;;;;;;;;;;;
3240;4447;4811;HOSPEDAGEM - PLATAFORMA ON LINE;REGISTRAR GASTOS COM A CONTRATAÇÃO DE HOSPEDAGEM DE PLATAFORMAS MERCHANDISING, DE STREAMING OU DE CONTEÚDO NO SERVIDOR DA AGÊNCIA DE PROMOÇÃO.;;4,80;3,00;1,00;0,65;NÃO;SIM;1.03 - Processamento, armazenamento ou hospedagem de dados, textos, imagens, vídeos, páginas eletrônicas, aplicativos e sistemas de informação, entre outros formatos, e congêneres;;;;;;;;;;;;;;;;;;;;;;;;;;;;;;;;;;;;;;;;;;;;;;;;;;;;;;;;;;;;;;;;;;;;;;;;;;;;;;;;;;;;;;;;;;;;;;;;;;;;;;;;;;;;;
3241;4415;4812;MANUTENÇÃO - PLATAFORMA ON LINE;REGISTRAR GASTOS COM A CONTRATAÇÃO DE MANUTENÇÃO DE PLATAFORMAS MERCHANDISING, DE STREAMING OU DE CONTEÚDO NO SERVIDOR DA AGÊNCIA DE PROMOÇÃO.;;4,80;3,00;1,00;0,65;NÃO;SIM;1.07 – Suporte técnico em informática, inclusive instalação, configuração e manutenção de programas de computação e bancos de dados.;;;;;;;;;;;;;;;;;;;;;;;;;;;;;;;;;;;;;;;;;;;;;;;;;;;;;;;;;;;;;;;;;;;;;;;;;;;;;;;;;;;;;;;;;;;;;;;;;;;;;;;;;;;;;
4516;4581;4820;LEVANTAMENTO DE TENDENCIAS E PUBLICOS;REGISTRAR GASTOS COM LEVANTAMENTO DE TENDÊNCIAS E PÚBLICO, REALIZADO PELAS AGÊNCIAS. ;;4,80;3,00;1,00;0,65;NÃO;SIM;17.10 – Planejamento, organização e administração de feiras, exposições, congressos e congêneres.;;;;;;;;;;;;;;;;;;;;;;;;;;;;;;;;;;;;;;;;;;;;;;;;;;;;;;;;;;;;;;;;;;;;;;;;;;;;;;;;;;;;;;;;;;;;;;;;;;;;;;;;;;;;;
3254;4413;4821;PROJETO EXECUTIVO - AGÊNCIAS PROMO;REGISTRAR GASTOS COM PROJETO EXECUTIVO, INCLUINDO COTAÇÕES DE VALORES E DECUPAGEM DETALHADA DOS SERVIÇOS PELAS AGÊNCIAS.;;4,80;3,00;1,00;0,65;NÃO;SIM;17.10 – Planejamento, organização e administração de feiras, exposições, congressos e congêneres.;;;;;;;;;;;;;;;;;;;;;;;;;;;;;;;;;;;;;;;;;;;;;;;;;;;;;;;;;;;;;;;;;;;;;;;;;;;;;;;;;;;;;;;;;;;;;;;;;;;;;;;;;;;;;
Eventos p/ o fornecedor faturar obrigatóriamente contra o BB - Serviços Complementares - VERBA DIMAC;VERBA INTERNALIZADA;VERBA ENDOMARKETING;NOME DO CDA;DESCRITIVO ATUALIZADO ;ENCAMINHAMENTOS PARA ABSORÇÃO DO SERVIÇO;IRPJ;COFINS;CSLL;PIS/PASEP;RETÉM INSS;RETÉM ISS ?;CÓDIGO - LC 116;;;;;;;;;;;;;;;;;;;;;;;;;;;;;;;;;;;;;;;;;;;;;;;;;;;;;;;;;;;;;;;;;;;;;;;;;;;;;;;;;;;;;;;;;;;;;;;;;;;;;;;;;;;;;
1346;4438;5290;LOCACAO DE EQUIPAMENTOS  SEM MONTAGEM;"PARA REGISTRAR GASTOS COM LOCAÇÃO DE EQUIPAMENTOS DE ÁUDIO, VÍDEO E         
 INFRA-ESTRUTURA (APARELHO DE SOM, CAIXA DE SOM, MICROFONE, TV, VÍDEO,         
 COMPUTADOR, IMPRESSORA, XEROX, CANHÃO, TELÃO, FLIP-CHART,  ILUMINAÇÃO         
 CÊNICA, GERADORES DE ENERGIA,  REFLETORES, RÁDIO COMUNICADOR, TENDAS E         
 BANHEIROS QUÍMICOS, OUTROS),";;4,80;3,00;1,00;0,65;NÃO;NÃO;                                                                 FATURA;;;;;;;;;;;;;;;;;;;;;;;;;;;;;;;;;;;;;;;;;;;;;;;;;;;;;;;;;;;;;;;;;;;;;;;;;;;;;;;;;;;;;;;;;;;;;;;;;;;;;;;;;;;;;
3215;4437;4783;SERVIÇOS DE INSTALAÇÃO OU MONTAGEM DE EQUIPAMENTOS;REGISTRAR GASTOS COM A CONTRATAÇÃO DE INSTALAÇÃO OU MONTAGENS DE EQUIPAMENTOS - MÃO DE OBRA.;;4,80;3,00;1,00;0,65;SIM - EXCETO OPTANTE SIMPLES;SIM;14.06 – Instalação e montagem de aparelhos, máquinas e equipamentos, inclusive montagem industrial, prestados ao usuário final, exclusivamente com material por ele fornecido.;;;;;;;;;;;;;;;;;;;;;;;;;;;;;;;;;;;;;;;;;;;;;;;;;;;;;;;;;;;;;;;;;;;;;;;;;;;;;;;;;;;;;;;;;;;;;;;;;;;;;;;;;;;;;
1354;4436;4785;LOCAÇÃO E MONTAGEM DE ESTANDE;REGISTRAR OS GASTOS COM A LOCAÇÃO E A MONTAGEM DE ESTANDE UTILIZADO EM EVENTO PROMOCIONAL.;;4,80;3,00;1,00;0,65;SIM;SIM ;3.05 – Cessão de andaimes, palcos, coberturas e outras estruturas de uso temporário.;;;;;;;;;;;;;;;;;;;;;;;;;;;;;;;;;;;;;;;;;;;;;;;;;;;;;;;;;;;;;;;;;;;;;;;;;;;;;;;;;;;;;;;;;;;;;;;;;;;;;;;;;;;;;
1459;4639;4858; DECORACAO / AMBIENTAÇÃO;"P/ REGISTRAR GASTOS COM DECORAÇÃO, AMBIENTAÇÃO E SINALIZAÇÃO, SUBCONTRATADOS/ADQUIRIDOS POR EMPRESA DE ORGANIZAÇÃO         
 E LOGÍSTICA DE EVENTOS
";;4,80;3,00;1,00;0,65;SIM;SIM;7.11 – Decoração e jardinagem, inclusive corte e poda de árvores;EVENTO ANTIGO 2553 ESTAVA COM ITEM 24.01;;;;;;;;;;;;;;;;;;;;;;;;;;;;;;;;;;;;;;;;;;;;;;;;;;;;;;;;;;;;;;;;;;;;;;;;;;;;;;;;;;;;;;;;;;;;;;;;;;;;;;;;;;;;
3067;4640;4784;PROJETO DE ARQUITETURA E CENOGRAFIA;REGISTRAR OS GASTOS COM PROJETOS DE ARQUITETURA E CENOGRAFIA, DECORRENTES DO EVENTO PROMOCIONAL.;;4,80;3,00;1,00;0,65;NÃO;SIM ;7.01 – Engenharia, agronomia, agrimensura, arquitetura, geologia, urbanismo, paisagismo e congêneres.;;;;;;;;;;;;;;;;;;;;;;;;;;;;;;;;;;;;;;;;;;;;;;;;;;;;;;;;;;;;;;;;;;;;;;;;;;;;;;;;;;;;;;;;;;;;;;;;;;;;;;;;;;;;;
5299;4642;5291; LOCAÇÃO DE ESPAÇO ; PARA REGISTRAR GASTOS COM LOCAÇÃO DE ESPAÇO (SALÃO, SALA, AUDITÓRIOS   INTERNOS OU EXTERNOS, TEATRO, OUTROS.;;4,80;3,00;1,00;0,65;NÃO;NÃO;                                                                                     FATURA;;;;;;;;;;;;;;;;;;;;;;;;;;;;;;;;;;;;;;;;;;;;;;;;;;;;;;;;;;;;;;;;;;;;;;;;;;;;;;;;;;;;;;;;;;;;;;;;;;;;;;;;;;;;;
3235;4643;5292;LOCAÇÃO E EXPLORAÇÃO DE ESPAÇOS - COM ISS;REGISTRAR GASTOS COM SERVIÇOS REALIZADOS MEDIANTE LOCAÇÃO E EXPLORAÇÃO DE SALÕES DE FESTA, CENTROS DE CONVENÇÕES, ESCRITÓRIOS QUADRAS ESPORTIVAS, ESTÁDIOS, PARQUE DE DIVERSÕES E CONGÊNERES.;;4,80;3,00;1,00;0,65;NÃO;SIM ;3.03 – Exploração de salões de festas, centro de convenções, escritórios virtuais, stands, quadras esportivas, estádios, ginásios, auditórios, casas de espetáculos, parques de diversões, canchas e congêneres, para realização de eventos ou negócios de qualquer natureza.;;;;;;;;;;;;;;;;;;;;;;;;;;;;;;;;;;;;;;;;;;;;;;;;;;;;;;;;;;;;;;;;;;;;;;;;;;;;;;;;;;;;;;;;;;;;;;;;;;;;;;;;;;;;;
5303;4439;5301;LOCAÇÃO DE BANHEIROS QUIMICOS;"REGISTRAR OS GASTOS COM LOCAÇÃO DE BANHEIROS QUÍMICOS UTILIZADOS EM EVENTOS PROMOCIONAIS.

";;4,80;3,00;1,00;0,65;NÃO;NÃO;                                                                                       FATURA;;;;;;;;;;;;;;;;;;;;;;;;;;;;;;;;;;;;;;;;;;;;;;;;;;;;;;;;;;;;;;;;;;;;;;;;;;;;;;;;;;;;;;;;;;;;;;;;;;;;;;;;;;;;;
1452;4442;4814;SERVIÇOS DE SONORIZAÇÃO;REGISTRAR OS GASTOS COM FORNECIMENTO DE MÚSICA MEDIANTE UTILIZAÇÃO DE MESAS DE SOM, MICROFONES, TV´S, TELAS LCD, CAIXAS DE SOM, LASER, CARROS DE SOM E OUTROS SERVIÇOS RELACIONADOS COM A SONORIZAÇÃO DO EVENTO.;;4,80;3,00;1,00;0,65;NÃO;SIM ;12.14 – Fornecimento de música para ambientes fechados ou não, mediante transmissão por qualquer processo.;;;;;;;;;;;;;;;;;;;;;;;;;;;;;;;;;;;;;;;;;;;;;;;;;;;;;;;;;;;;;;;;;;;;;;;;;;;;;;;;;;;;;;;;;;;;;;;;;;;;;;;;;;;;;
3232;4674;4815;ESTRUTURAS TEMPORÁRIAS - ANDAIMES, PALCOS E DIVERSOS;REGISTRAR GASTOS COM CESSÃO DE ANDAIME, MONTAGEM DE PALCOS E ESTRUTURAS TEMPORÁRIAS DIVERSAS.;;4,80;3,00;1,00;0,65;SIM;SIM;3.05 – Cessão de andaimes, palcos, coberturas e outras estruturas de uso temporário.;;;;;;;;;;;;;;;;;;;;;;;;;;;;;;;;;;;;;;;;;;;;;;;;;;;;;;;;;;;;;;;;;;;;;;;;;;;;;;;;;;;;;;;;;;;;;;;;;;;;;;;;;;;;;
1350;;4816;MONITOR DE RECREAÇÃO - TERCEIRIZADO;REGISTRAR OS GASTOS COM MONITOR DE RECREAÇÃO CONTRATADO PARA ATUAR EM EVENTO PROMOCIONAL.;;4,80;3,00;1,00;0,65;NÃO;SIM;12.17 – Recreação e animação, inclusive em festas e eventos de qualquer natureza.;;;;;;;;;;;;;;;;;;;;;;;;;;;;;;;;;;;;;;;;;;;;;;;;;;;;;;;;;;;;;;;;;;;;;;;;;;;;;;;;;;;;;;;;;;;;;;;;;;;;;;;;;;;;;
2863;4968;; PROGRAMA DE TREINAMENTO;"REGISTRAR DESPESA COM PAGAMENTO DE  EMPRESA  PARA DESENVOLVIMENTO DE DIVERSAS AÇÕES QUE ENVOLVAM  PROGRAMA DE TREINAMENTO PARA CLIENTES, DESDE O PLANEJAMENTO ATÉ A  EXECUÇÃO  E  ACOMPANHAMENTO  DOS DESDOBRAMENTOS
";-;4,80;3,00;1,00;0,65;NÃO;SIM;8.02 – Instrução, treinamento, orientação pedagógica e educacional, avaliação de conhecimentos de qualquer natureza.;;;;;;;;;;;;;;;;;;;;;;;;;;;;;;;;;;;;;;;;;;;;;;;;;;;;;;;;;;;;;;;;;;;;;;;;;;;;;;;;;;;;;;;;;;;;;;;;;;;;;;;;;;;;;
3037;4647;2547;CAPITAL HUMANO - AGPROMO ;"PARA REGISTRAR GASTOS COM PESSOAL DE APOIO (RECEPCIONISTAS, MESTRE DE_         
 CERIMÔNIA, COPEIRAS, SEGURANÇAS, SERVENTES, ESTIVAS, EQUIPE DE  PRODU-         
 ÇÃO,  VALLET E OUTROS).";;4,80;3,00;1,00;0,65;SIM;SIM;17.05 – Fornecimento de mão-de-obra, mesmo em caráter temporário, inclusive de empregados ou trabalhadores, avulsos ou temporários, contratados pelo prestador de serviço.;;;;;;;;;;;;;;;;;;;;;;;;;;;;;;;;;;;;;;;;;;;;;;;;;;;;;;;;;;;;;;;;;;;;;;;;;;;;;;;;;;;;;;;;;;;;;;;;;;;;;;;;;;;;;
3249;;;SERVIÇO DE AGENCIAMENTO, CORRETAGEM OU INTERMEDIAÇÃO;REGISTRAR GASTOS COM SERVIÇO DE AGENCIAMENTO, CORRETAGEM OU INTERMEDIAÇÃO;;4,80;3,00;1,00;0,65;NÃO;SIM;10.02 – Agenciamento, corretagem ou intermediação de títulos em geral, valores mobiliários e contratos quaisquer.;;;;;;;;;;;;;;;;;;;;;;;;;;;;;;;;;;;;;;;;;;;;;;;;;;;;;;;;;;;;;;;;;;;;;;;;;;;;;;;;;;;;;;;;;;;;;;;;;;;;;;;;;;;;;
4606;5034;4803;CUIDADOS PESSOAIS - BARBEARIA, CABELEIREIROS, MANICURE E CONGENERES;O EVENTO CDA DESTINA-SE A CONTRATAÇÃO DE PROFISSIONAL ESPECIALIZADO EM SERVIÇOS DE CUIDADOS PESSOAIS E ESTÉTICOS, COMO: BARBEARIA, CABELEIREIRO, MANICURES, PEDICURES E CONGÊNERES.;;4,80;3,00;1,00;0,65;NÃO;SIM;6.01 – Barbearia, cabeleireiros, manicuros, pedicuros e congêneres.;;;;;;;;;;;;;;;;;;;;;;;;;;;;;;;;;;;;;;;;;;;;;;;;;;;;;;;;;;;;;;;;;;;;;;;;;;;;;;;;;;;;;;;;;;;;;;;;;;;;;;;;;;;;;
4884;5251;;CONTRATAÇÃO SERVICO DE ILUSTRADOR - PROGRAMAÇÃO E COMUNICAÇÃO VISUAL;REGISTRAR GASTOS COM A CONTRATAÇÃO DE SERVIÇO DE PROGRAMAÇÃO E COMUNICAÇÃO VISUAL, ILUSTRAÇÃO OU PINTURA (AMBIENTES, BRINDES, PEÇAS PROMOCIONAIS DIVERSAS), REALIZADAS DURANTE AS ACOES DE PROMOÇÃO CONDUZIDAS PELA DIMAC.;;4,80;3,00;1,00;0,65;NÃO;SIM ;23.01 – Serviços de programação e comunicação visual, desenho industrial e congêneres..;;;;;;;;;;;;;;;;;;;;;;;;;;;;;;;;;;;;;;;;;;;;;;;;;;;;;;;;;;;;;;;;;;;;;;;;;;;;;;;;;;;;;;;;;;;;;;;;;;;;;;;;;;;;;
3038;4644;2637;BUFFET - NO AMBIENTE DO BANCO OU DETERCEIROS - COM INSS;" PARA REGISTRAR GASTOS COM BUFFET (COFFEE-BREAK, ALMOÇO, BRUNCH, JANTAR         
 COQUETEL, OUTROS) SUBCONTRATADO /ADQUIRIDOS POR EMPRESA DE ORGANIZAÇÃO E LOGÍSTICA DE EVENTOS.DENTRO DO AMBIENTE DO BANCO OU DE TERCEIROS, EXCETO NO AMBIENTE DO FORNECEDOR, COM RETENÇÃO DE INSS.";;4,80;3,00;1,00;0,65;SIM;SIM;"17.11 – Organização de festas e recepções; bufê (exceto o fornecimento de alimentação e bebidas, que fica sujeito ao ICMS).";;;;;;;;;;;;;;;;;;;;;;;;;;;;;;;;;;;;;;;;;;;;;;;;;;;;;;;;;;;;;;;;;;;;;;;;;;;;;;;;;;;;;;;;;;;;;;;;;;;;;;;;;;;;;
3223;4645;4832;BUFFET EM EVENTOS - NO AMBIENTE DO FORNECEDOR;"REGISTRAR GASTOS COM BUFFET FORNECIDO ""NO AMBIENTE DO FORNECEDOR"", QUE CONSTITUAM DESPESAS EFETIVAS DO  BANCO.";Criar - a Dipes tinha um 2545, mas não está aparecendo no CDA;4,80;3,00;1,00;0,65;NÃO;SIM;"17.11 – Organização de festas e recepções; bufê (exceto o fornecimento de alimentação e bebidas, que fica sujeito ao ICMS).";;;;;;;;;;;;;;;;;;;;;;;;;;;;;;;;;;;;;;;;;;;;;;;;;;;;;;;;;;;;;;;;;;;;;;;;;;;;;;;;;;;;;;;;;;;;;;;;;;;;;;;;;;;;;
3090;4486;4805;ALIMENTOS E BEBIDAS - VENDAS;REGISTRAR OS GASTOS COM COMPRAS DE ALIMENTOS E/OU BEBIDAS, SEM A UTILIZAÇÃO DE MÃO DE OBRA, DECORRENTES DO EVENTO PROMOCIONAL, TRATA-SE APENAS DA ENTREGA DO QUE SERÁ CONSUMIDO NO LOCAL DOS EVENTOS, COM CARACTERÍSTICA DE VENDA DE MERCADORIA.;Criar - a Dipes tem um 2588, mas não é para AGPROMO.;4,80;3,00;1,00;0,65;NÃO;NÃO;                                                                                     VENDA;;;;;;;;;;;;;;;;;;;;;;;;;;;;;;;;;;;;;;;;;;;;;;;;;;;;;;;;;;;;;;;;;;;;;;;;;;;;;;;;;;;;;;;;;;;;;;;;;;;;;;;;;;;;;
3234;4419;2589;PALESTRANTE - AGPROMO  ;PARA REGISTRAR GASTOS COM PALESTRANTES, SUBCONTRATADOS/ADQUIRIDOS POR EMPRESA DE ORGANIZAÇÃO E LOGÍSTICA DE EVENTOS.;;4,80;3,00;1,00;0,65;SIM;SIM;17.24 - Apresentação de palestras, conferências, seminários e congêneres;;;;;;;;;;;;;;;;;;;;;;;;;;;;;;;;;;;;;;;;;;;;;;;;;;;;;;;;;;;;;;;;;;;;;;;;;;;;;;;;;;;;;;;;;;;;;;;;;;;;;;;;;;;;;
1355;;4817; ANIMADOR DE TORCIDA;REGISTRAR OS GASTOS COM ANIMADOR DE TORCIDA CONTRATADO PARA ATUAR EM EVENTO PROMOCIONAL.;;4,80;3,00;1,00;0,65;NÃO;SIM;12.17 – Recreação e animação, inclusive em festas e eventos de qualquer natureza.;;;;;;;;;;;;;;;;;;;;;;;;;;;;;;;;;;;;;;;;;;;;;;;;;;;;;;;;;;;;;;;;;;;;;;;;;;;;;;;;;;;;;;;;;;;;;;;;;;;;;;;;;;;;;
1352;4641;4818; CONTRATAÇÃO DE SHOW - PRODUÇÃO - EXCETO CACHÊ;REGISTRAR OS GASTOS COM A ORGANIZAÇÃO/PRODUÇÃO DE SHOW ARTISTICO/CULTURAL, EXCLUINDO-SE A BANDA E O ARTISTA, QUE DEVERÃO SER CONTRATDOS COMO CACHÊ. E COMPLEMENTADOS COM O EVENTO CDA 3097         ;;4,80;3,00;1,00;0,65;SIM;SIM;12.07 – Shows, ballet, danças, desfiles, bailes, óperas, concertos, recitais, festivais e congêneres.;;;;;;;;;;;;;;;;;;;;;;;;;;;;;;;;;;;;;;;;;;;;;;;;;;;;;;;;;;;;;;;;;;;;;;;;;;;;;;;;;;;;;;;;;;;;;;;;;;;;;;;;;;;;;
3097;4449;2598;ARTISTAS EM GERAL - AGPROMO; PARA REGISTRAR GASTOS COM ARTISTAS EM GERAL (GRUPOS TEATRAIS, MÚSICOS, CANTORES, INSTRUMENTISTAS, DJ, ATORES, OUTROS), P/ ANIMAÇÃO.;;4,80;3,00;1,00;0,65;NÃO;SIM;37.01 - Serviços de artistas, atletas, modelos e manequins.;;;;;;;;;;;;;;;;;;;;;;;;;;;;;;;;;;;;;;;;;;;;;;;;;;;;;;;;;;;;;;;;;;;;;;;;;;;;;;;;;;;;;;;;;;;;;;;;;;;;;;;;;;;;;
5229;;2557;PROMOTORA / PRODUTORA DE SHOWS - AGPROMO;PARA REGISTRAR GASTOS COM PRODUÇÃO DE SHOWS (MÚSICOS, BANDAS, GRUPO  TEATRAL E/OU ARTISTAS EM GERAL) , SEM A NECESSIDADE DE PAGAMENTO DE CACHÊ.;;4,80;3,00;1,00;0,65;SIM;SIM;12.13 – Produção, mediante ou sem encomenda prévia, de eventos, espetáculos, entrevistas, shows, ballet, danças, desfiles, bailes, teatros, óperas, concertos, recitais, festivais e congêneres.;;;;;;;;;;;;;;;;;;;;;;;;;;;;;;;;;;;;;;;;;;;;;;;;;;;;;;;;;;;;;;;;;;;;;;;;;;;;;;;;;;;;;;;;;;;;;;;;;;;;;;;;;;;;;
1348;4545;2549;HOSPEDAGEM;REGISTRAR OS GASTOS COM HOSPEDAGEM DE CONTRATADO PARA ATUAR EM EVENTO PROMOCIONAL.;;4,80;3,00;1,00;0,65;NÃO;NÃO;                                                                                        BOLETO;;;;;;;;;;;;;;;;;;;;;;;;;;;;;;;;;;;;;;;;;;;;;;;;;;;;;;;;;;;;;;;;;;;;;;;;;;;;;;;;;;;;;;;;;;;;;;;;;;;;;;;;;;;;;
1359;4546;2554;DESLOCAMENTO DE CONTRATADO - PASSAGENS AÉREAS;"      
 REGISTRAR OS GASTOS COM DESLOCAMENTO (PASSAGENS AÉREAS) DE CONTRATADO_         
 PARA ATUAR EM EVENTO PROMOCIONAL.";;2,40;3,00;1,00;0,65;NÃO;NÃO;                                                                                         BOLETO;;;;;;;;;;;;;;;;;;;;;;;;;;;;;;;;;;;;;;;;;;;;;;;;;;;;;;;;;;;;;;;;;;;;;;;;;;;;;;;;;;;;;;;;;;;;;;;;;;;;;;;;;;;;;
3060;4972;5305;TRANSPORTE INTERMUNICIPAL - ENTRE MUNICÍPIOS DISTINTOS - COM MOTORISTA;"    
 GASTOS COM A CONTRATAÇÃO DE TRANSPORTE (ONIBUS, MINI-ONIBUS, VANS, CARROS EXECUTIVOS), PARA O DESLOCAMENTO DE PASSAGEIROS COM TRANSPORTE INICIANDO E TERMINANDO EM MUNICÍPIOS OU ESTADOS DISTINTOS";;2,40;3,00;1,00;0,65;SIM;NÃO;                                                                                          BOLETO;;;;;;;;;;;;;;;;;;;;;;;;;;;;;;;;;;;;;;;;;;;;;;;;;;;;;;;;;;;;;;;;;;;;;;;;;;;;;;;;;;;;;;;;;;;;;;;;;;;;;;;;;;;;;
3062;4971;5302;TRANSPORTE INTRAMUNICIPAL - DENTRO DO MESMO MUNICÍPIO  - COM MOTORISTA;EVENTO UTILIZADO PARA GASTOS COM A CONTRATAÇÃO DE TRANSPORTE (ONIBUS, MINI-ONIBUS, VANS, CARROS EXECUTIVOS), PARA O DESLOCAMENTO DE PASSAGEIROS, DENTRO DO MESMO MUNICÍPIO, COM MOTORISTA INCLUÍDO.;;2,40;3,00;1,00;0,65;SIM;SIM;16.02 - Outros serviços de transportes de natureza municipal;;;;;;;;;;;;;;;;;;;;;;;;;;;;;;;;;;;;;;;;;;;;;;;;;;;;;;;;;;;;;;;;;;;;;;;;;;;;;;;;;;;;;;;;;;;;;;;;;;;;;;;;;;;;;
;;2713;TAXA DE EMBARQUE - AGPROMO ;"PARA REGISTRAR GASTOS COM  TAXA DE EMBARQUE E DESEMBARQUE DA INFRAERO,         
 QUANDO DA AQUISIÇÃO DE PASSAGENS AÉREAS NO PAÍS, SUBCONTRATADOS/ADQUIRIDOS POR   EMPRESA DE ORGANIZAÇÃO E LOGÍSTICA DE EVENTOS._";;2,40;3,00;1,00;0,65;NÃO;NÃO;;;;;;;;;;;;;;;;;;;;;;;;;;;;;;;;;;;;;;;;;;;;;;;;;;;;;;;;;;;;;;;;;;;;;;;;;;;;;;;;;;;;;;;;;;;;;;;;;;;;;;;;;;;;;;
3030;5030;4878;PACOTE DE TURISMO PARA O EXTERIOR;REGISTRAR DESPESAS COM PAGAMENTO DE  PASSAGEM E HOSPEDAGEM  DE CLIENTES INTERNOS,  SUBCONTRATADOS/ADQUIRIDOS POR EMPRESA DE PROMOCAO DE EVENTOS,.;;4,80;3,00;1,00;0,65;NÃO;SIM;9.02 – Agenciamento, organização, promoção, intermediação e execução de programas de turismo, passeios, viagens, excursões, hospedagens e congêneres;;;;;;;;;;;;;;;;;;;;;;;;;;;;;;;;;;;;;;;;;;;;;;;;;;;;;;;;;;;;;;;;;;;;;;;;;;;;;;;;;;;;;;;;;;;;;;;;;;;;;;;;;;;;;
3034;5046;4823;PACOTE DE VIAGENS NO PAÍS;REGISTRAR A DESPESA REALIZADA COM A AQUISIÇÃO DE PACOTE DE VIAGEM NO PAIS  EM ACÃO PROMOCIONAL.;;4,80;3,00;1,00;0,65;NÃO;SIM;9.02 – Agenciamento, organização, promoção, intermediação e execução de programas de turismo, passeios, viagens, excursões, hospedagens e congêneres;;;;;;;;;;;;;;;;;;;;;;;;;;;;;;;;;;;;;;;;;;;;;;;;;;;;;;;;;;;;;;;;;;;;;;;;;;;;;;;;;;;;;;;;;;;;;;;;;;;;;;;;;;;;;
1358;A DIMEP NÃO AUTORIZOU A CRIAÇÃO DO EVENTO, POIS ENTENDE QUE NÃO É VIÁVEL O TRANSPORTE MUNICIPAL OU ESTADUAL DE BRINDES COM VERBA DA CARTÕES;4824; TRANSPORTE DE CARGAS INTERESTADUAL;REGISTRAR GASTOS COM TRANSPORTE DE CARGAS ENTRE MUNICÍPIOS E/OU ESTADOS DISTINTOS, REALIZADOS POR PESSOAS JURÍDICAS, UTILIZADOS NOS EVENTOS.;;1,20;3,00;1,00;0,65;NÃO;NÃO;;;;;;;;;;;;;;;;;;;;;;;;;;;;;;;;;;;;;;;;;;;;;;;;;;;;;;;;;;;;;;;;;;;;;;;;;;;;;;;;;;;;;;;;;;;;;;;;;;;;;;;;;;;;;;
3285;A DIMEP NÃO AUTORIZOU A CRIAÇÃO DO EVENTO, POIS ENTENDE QUE NÃO É VIÁVEL O TRANSPORTE MUNICIPAL OU ESTADUAL DE BRINDES COM VERBA DA CARTÕES;2552;TRANSPORTE INTRAMUNICIPAL DE CARGAS;PARA REGISTRAR GASTOS  COM  TRANSPORTE DE CARGAS DENTRO DO MESMO MUNICÍPIO, SUBCONTRATADOS/ADQUIRIDOS POR  EMPRESA DE ORGANIZAÇÃO E LOGÍSTICA DE EVENTOS;;1,20;3,00;1,00;0,65;NÃO;SIM;16.02 - Outros serviços de transportes de natureza municipal;;;;;;;;;;;;;;;;;;;;;;;;;;;;;;;;;;;;;;;;;;;;;;;;;;;;;;;;;;;;;;;;;;;;;;;;;;;;;;;;;;;;;;;;;;;;;;;;;;;;;;;;;;;;;
1557;;; TRANSPORTE INTERNACIONAL DE CARGAS;"REGISTRAR OS GASTOS COM TRANSPORTE DE CARGAS PARA O EXTERIOR, DECORRENTES DE REALIZAÇÃO DE EVENTOS PROMOCIONAIS
";;1,20;3,00;1,00;0,65;SIM;NÃO;;;;;;;;;;;;;;;;;;;;;;;;;;;;;;;;;;;;;;;;;;;;;;;;;;;;;;;;;;;;;;;;;;;;;;;;;;;;;;;;;;;;;;;;;;;;;;;;;;;;;;;;;;;;;;
1513;4446;4825;SERVIÇOS POSTAIS;REGISTRAR OS GASTOS COM SERVIÇOS POSTAIS EM EVENTOS PROMOCIONAIS.;;4,80;3,00;1,00;0,65;NÃO;SIM;"26.01 – Serviços de coleta, remessa ou entrega de correspondências, documentos, objetos, bens ou valores, inclusive pelos correios e suas agências franqueadas; courrier e congêneres.";;;;;;;;;;;;;;;;;;;;;;;;;;;;;;;;;;;;;;;;;;;;;;;;;;;;;;;;;;;;;;;;;;;;;;;;;;;;;;;;;;;;;;;;;;;;;;;;;;;;;;;;;;;;;
3040;4443;4848;ENTREGA DE ENCOMENDAS - COURRIER;REGISTRAR OS GASTOS COM SERVIÇOS DE ENCOMENDAS, COURIER, PRESTADOS EM DECORRÊNCIA DE EVENTOS PROMOCIONAIS.;;4,80;3,00;1,00;0,65;SIM;SIM;"26.01 – Serviços de coleta, remessa ou entrega de correspondências, documentos, objetos, bens ou valores, inclusive pelos correios e suas agências franqueadas; courrier e congêneres.";;;;;;;;;;;;;;;;;;;;;;;;;;;;;;;;;;;;;;;;;;;;;;;;;;;;;;;;;;;;;;;;;;;;;;;;;;;;;;;;;;;;;;;;;;;;;;;;;;;;;;;;;;;;;
5306;5033;5286;LOCAÇÃO DE VEÍCULOS SEM MOTORISTA;REGISTRAR GASTOS COM LOCAÇÃO DE VEICULO SEM MOTORISTA, UTILIZADO EM EVENTOS PROMOCIONAIS.;;4,80;3,00;1,00;0,65;NÃO;NÃO;FATURA;;;;;;;;;;;;;;;;;;;;;;;;;;;;;;;;;;;;;;;;;;;;;;;;;;;;;;;;;;;;;;;;;;;;;;;;;;;;;;;;;;;;;;;;;;;;;;;;;;;;;;;;;;;;;
5300;;; ONIBUS ESCOLAR -COM MOTORISTA ;" USO EXCLUSIVO DOS CCBB. SERVICO DE LOCACAO DE ÔNIBUS ESCOLAR PARA TRAJETO INSTITUICAO/CCBB/INSTITUICAO, MEDIANTE AGENDAMENTO PREVIO DA VISITA.
";;2,40;3,00;1,00;0,65;SIM;SIM;16.02 - Outros serviços de transportes de natureza municipal;;;;;;;;;;;;;;;;;;;;;;;;;;;;;;;;;;;;;;;;;;;;;;;;;;;;;;;;;;;;;;;;;;;;;;;;;;;;;;;;;;;;;;;;;;;;;;;;;;;;;;;;;;;;;
3047;"EVENTO CDA SERÁ CRIADO - AGUARDANDO DETALHAMENTO DOS SERVIÇOS PELO PESSOAL DE PROMO DIMAC E POSTERIOR ""DE ACORDO"" DA DIMEP - 21/05/2024";4854;TAXI;REGISTRAR OS GASTOS COM TÁXI, CONTRATADO EM DECORRÊNCIA DO EVENTO PROMOCIONAL.;;2,40;3,00;1,00;0,65;SIM;SIM;16.02 - Outros serviços de transportes de natureza municipal;;;;;;;;;;;;;;;;;;;;;;;;;;;;;;;;;;;;;;;;;;;;;;;;;;;;;;;;;;;;;;;;;;;;;;;;;;;;;;;;;;;;;;;;;;;;;;;;;;;;;;;;;;;;;
3092;5036;4806; ESTACIONAMENTO - VOUCHER / TÍQUET - SEM MANOBRISTA;REGISTRAR GASTOS COM VOUCHER/TÍQUETES DE ESTACIONAMENTO (SEM MANOBRISTA/VALET) NO ÂMBITO DA REALIZAÇÃO DE EVENTO PROMOCIONAL.;;4,80;3,00;1,00;0,65;NÃO;SIM;11.01 – Guarda e estacionamento de veículos terrestres automotores, de aeronaves e de embarcações.;;;;;;;;;;;;;;;;;;;;;;;;;;;;;;;;;;;;;;;;;;;;;;;;;;;;;;;;;;;;;;;;;;;;;;;;;;;;;;;;;;;;;;;;;;;;;;;;;;;;;;;;;;;;;
1524;;4850;COMBUSTIVEL DERIVADOS DE PETRÓLEO;REGISTRAR OS GASTOS COM COMBUSTÍVEL AUTOMOTIVO QUE REPRESENTEM DESPESAS RELACIONADAS A REALIZAÇÃO DE EVENTOS PROMOCIONAIS.;;X;X;X;X;NÃO;NÃO;;;;;;;;;;;;;;;;;;;;;;;;;;;;;;;;;;;;;;;;;;;;;;;;;;;;;;;;;;;;;;;;;;;;;;;;;;;;;;;;;;;;;;;;;;;;;;;;;;;;;;;;;;;;;;
1525;;4847;COMBUSTÍVEL ALCOOL;REGISTRAR OS GASTOS COM COMBUSTÍVEL AUTOMOTIVO QUE REPRESENTEM DESPESAS RELACIONADAS A REALIZAÇÃO DE EVENTOS PROMOCIONAIS.;;X;X;X;X;NÃO;NÃO;;;;;;;;;;;;;;;;;;;;;;;;;;;;;;;;;;;;;;;;;;;;;;;;;;;;;;;;;;;;;;;;;;;;;;;;;;;;;;;;;;;;;;;;;;;;;;;;;;;;;;;;;;;;;;
1456;4450;4826;SERV. GRÁFICO COM PERSONALIZAÇÃO E INSTALAÇÃO;REGISTRAR OS GASTOS COM SINALIZAÇÃO, INSTALAÇÃO, CONFECÇÃO E ELABORAÇÃO DE SERVIÇOS GRÁFICOS COMO: BANNERS, ADESIVOS, CARTAZES, PLACAS, CENOGRAFIA E ADESIVOS UTILIZADOS EM EVENTOS PROMOCIONAIS, COM FORNECIMENTO DE MÃO DE OBRA PARA INSTALAÇÃO.;;4,80;3,00;1,00;0,65;SIM;SIM;24.01 - Serviços de chaveiros, confecção de carimbos, placas, sinalização visual, banners, adesivos e congêneres;;;;;;;;;;;;;;;;;;;;;;;;;;;;;;;;;;;;;;;;;;;;;;;;;;;;;;;;;;;;;;;;;;;;;;;;;;;;;;;;;;;;;;;;;;;;;;;;;;;;;;;;;;;;;
3089;4487;4831;MATERIAL GRÁFICO - COM PERSONALIZAÇÃO- SEM INSTALAÇÃO;REGISTRAR OS GASTOS COM A PRODUÇÃO DE MATERIAIS GRÁFICOS, SEM INSTALAÇÃO, UTILIZADOS EM EVENTOS PROMOCIONAIS.    ;;1,20;3,00;1,00;0,65;NÃO;SIM;24.01 - Serviços de chaveiros, confecção de carimbos, placas, sinalização visual, banners, adesivos e congêneres.;;;;;;;;;;;;;;;;;;;;;;;;;;;;;;;;;;;;;;;;;;;;;;;;;;;;;;;;;;;;;;;;;;;;;;;;;;;;;;;;;;;;;;;;;;;;;;;;;;;;;;;;;;;;;
3243;4418;;PRODUÇÃO DE MATERIAL - COMUNICAÇÃO EM EVENTOS;"         
 REGISTRAR GASTOS COM A PRODUÇÃO DE MATERIAL  PARA  COMUNICAR E DAR PUBLICIDADE EM ATIVOS DE EVENTOS PROMOCIONAIS. O DOCUMENTO FISCAL DEVERÁ SER EMITIDO CONTRA O BANCO DO BRASIL.";;1,20;3,00;1,00;0,65;NÃO;SIM;17.06 – Propaganda e publicidade, inclusive promoção de vendas, planejamento de campanhas ou sistemas de publicidade, elaboração de desenhos, textos e demais materiais publicitários.;;;;;;;;;;;;;;;;;;;;;;;;;;;;;;;;;;;;;;;;;;;;;;;;;;;;;;;;;;;;;;;;;;;;;;;;;;;;;;;;;;;;;;;;;;;;;;;;;;;;;;;;;;;;;
3231;;4834; REPROGRAFIA;REGISTRAR GASTOS RELACIONADOS À REPROGRAFIA, EXCETO CONTRATO CENTRALIZADO COM A XEROX DO BRASIL.;;4,80;3,00;1,00;0,65;NÃO;SIM;13.04 – Reprografia, microfilmagem e digitalização.;;;;;;;;;;;;;;;;;;;;;;;;;;;;;;;;;;;;;;;;;;;;;;;;;;;;;;;;;;;;;;;;;;;;;;;;;;;;;;;;;;;;;;;;;;;;;;;;;;;;;;;;;;;;;
1522;4514;4835;MATERIAL ESPORTIVO - AQUISIÇÃO - SEM PERSONALIZAÇÃO;REGISTRAR OS GASTOS COM MATERIAL ESPORTIVO, TAIS COMO BOLAS, REDES, RAQUETES, QUE REPRESENTEM DESPESAS RELACIONADAS A REALIZAÇÃO DE EVENTOS PROMOCIONAIS.;;1,20;3,00;1,00;0,65;NÃO;NÃO;                                                                                      VENDA;;;;;;;;;;;;;;;;;;;;;;;;;;;;;;;;;;;;;;;;;;;;;;;;;;;;;;;;;;;;;;;;;;;;;;;;;;;;;;;;;;;;;;;;;;;;;;;;;;;;;;;;;;;;;
3041;4445;2590;MATERIAL DE RELACIONAMENTO (BRINDES) -  PERSONALIZADO ;PARA REGISTRAR GASTOS COM AQUISICAO DE MATERIAL, COM PERSONALIZAÇÃO JUNTO EMPRESAS ESPECIALIZADAS (DIÁRIO DE BORDO, CARTÕES, TAGS, BODIES, PINS,  AGENDAS, ETC.), , SUBCONTRATADOS/ADQUIRIDOS  POR EMPRESA DE ORGANIZAÇÃO E LOGÍSTICA DE EVENTOS.;;4,80;3,00;1,00;0,65;NÃO;SIM;13.05 - Composição gráfica, inclusive confecção de impressos gráficos, fotocomposição, clicheria, zincografia, litografia e fotolitografia, exceto se destinados a posterior operação de comercialização ou industrialização, ainda que incorporados, de qualquer forma, a outra mercadoria que deva ser objeto de posterior circulação, tais como bulas, rótulos, etiquetas, caixas, cartuchos, embalagens e manuais técnicos e de instrução, quando ficarão sujeitos ao ICMS;;;;;;;;;;;;;;;;;;;;;;;;;;;;;;;;;;;;;;;;;;;;;;;;;;;;;;;;;;;;;;;;;;;;;;;;;;;;;;;;;;;;;;;;;;;;;;;;;;;;;;;;;;;;;
3220;4420;2711;MATERIAL DE RELACIONAMENTO (BRINDES) - NAO PERSONALIZADO;EVENTO  PARA REGISTRO DE DESPESA  REALIZADA COM COMPRA DE PRODUTOS DE RELACIONAMENTO (CANECAS, CHAVEIROS  PINS, SQUEZZES, AGENDAS, ETC.) SEM PERSONA LIZAÇÃO.;;1,20;3,00;1,00;0,65;NÃO;NÃO;                                                                                         VENDA;;;;;;;;;;;;;;;;;;;;;;;;;;;;;;;;;;;;;;;;;;;;;;;;;;;;;;;;;;;;;;;;;;;;;;;;;;;;;;;;;;;;;;;;;;;;;;;;;;;;;;;;;;;;;
1443;4444;4827;MANUSEIO MATERIA DE RELACIONAMENTO;REGISTRAR OS GASTOS COM SERVIÇOS DE MANUSEIO DE MATERIAL DE RELACIONAMENTO EM EVENTOS PROMOCIONAIS.;;4,80;3,00;1,00;0,65;SIM;SIM;11.04 – Armazenamento, depósito, carga, descarga, arrumação e guarda de bens de qualquer espécie.;;;;;;;;;;;;;;;;;;;;;;;;;;;;;;;;;;;;;;;;;;;;;;;;;;;;;;;;;;;;;;;;;;;;;;;;;;;;;;;;;;;;;;;;;;;;;;;;;;;;;;;;;;;;;
1516;4602;4787;AQUISIÇÃO DE UNIFORMES  - VENDA - SEM PERSONALIZAÇÃO;REGISTRAR OS GASTOS COM AQUISIÇÃO DE UNIFORMES PARA RECEPCIONISTAS, COORDENADORES DE EVENTO, ATLETAS, COMISSAO TECNICA, ARBITRAGEM E ORGANIZADORES DE EVENTO PROMOCIONAL.;;1,20;3,00;1,00;0,65;NÃO;NÃO;                                                                                        VENDA;;;;;;;;;;;;;;;;;;;;;;;;;;;;;;;;;;;;;;;;;;;;;;;;;;;;;;;;;;;;;;;;;;;;;;;;;;;;;;;;;;;;;;;;;;;;;;;;;;;;;;;;;;;;;
4603;4484;4788;AQUISIÇÃO DE UNIFORME PERSONALIZADO;REGISTRAR GASTOS COM AQUISIÇÃO DE UNIFORMES CONFECCIONADOS E PERSONALIZADOS PELOS PRÓPRIOS FORNECEDORES, QUE SERÃO UTILIZADOS PELOS ATLETAS, COMISSÃO TÉCNICA, ARBITRAGEM, ORGANIZADORES E DEMAIS PROFISSIONAIS CONTRATADOS PARA TRABALHAR NOS EVENTOS PROMOCIONAIS.;;1,20;3,00;1,00;0,65;SIM;SIM;13.05 - Composição gráfica, inclusive confecção de impressos gráficos, fotocomposição, clicheria, zincografia, litografia e fotolitografia, exceto se destinados a posterior operação de comercialização ou industrialização, ainda que incorporados, de qualquer forma, a outra mercadoria que deva ser objeto de posterior circulação, tais como bulas, rótulos, etiquetas, caixas, cartuchos, embalagens e manuais técnicos e de instrução, quando ficarão sujeitos ao ICMS;;;;;;;;;;;;;;;;;;;;;;;;;;;;;;;;;;;;;;;;;;;;;;;;;;;;;;;;;;;;;;;;;;;;;;;;;;;;;;;;;;;;;;;;;;;;;;;;;;;;;;;;;;;;;
3050;4440;4828; MATERIAIS DE CONSUMO;REGISTRAR OS GASTOS COM MATERIAIS DESCARTÁVEIS, MATERIAIS DE LIMPEZA, MATERIAIS DE EXPEDIENTE E OUTROS MATERIAIS DE CONSUMO UTILIZADOS EM EVENTOS PROMOCIONAIS.;;1,20;3,00;1,00;0,65;NÃO;NÃO;                                                                                              VENDA;;;;;;;;;;;;;;;;;;;;;;;;;;;;;;;;;;;;;;;;;;;;;;;;;;;;;;;;;;;;;;;;;;;;;;;;;;;;;;;;;;;;;;;;;;;;;;;;;;;;;;;;;;;;;
1751;;NÃO UTILIZADO;PREMIACAO PAGA EM DINHEIRO;"REGISTRAR AS DESPESAS DO BANCO COM PREMIAçõES, PAGAS A EN
TIDADES FíSICAS, JURíDICAS E COOPERATIVAS, INSCRITAS  EM  PROJETOS  DE
BANCO DE CUNHO CIENTíFICO E SOCIAL";;0,00;0,00;0,00;0,00;NÃO;NÃO;;;;;;;;;;;;;;;;;;;;;;;;;;;;;;;;;;;;;;;;;;;;;;;;;;;;;;;;;;;;;;;;;;;;;;;;;;;;;;;;;;;;;;;;;;;;;;;;;;;;;;;;;;;;;;
4385;4509;NÃO UTILIZADO;PREMIAÇÃO - PESSOA FÍSICA;"REGISTRAR GASTOS COM O PAGAMENTO DE PREMIAÇÕES À PESSOAS FÍSICAS, MEDI         
 ANTE PROMOÇÃO E/OU SORTEIOS, COM RETENÇÃO DE IMPOSTO , DE FORMA MANUAL";;0,00;0,00;0,00;0,00;NÃO;NÃO;;;;;;;;;;;;;;;;;;;;;;;;;;;;;;;;;;;;;;;;;;;;;;;;;;;;;;;;;;;;;;;;;;;;;;;;;;;;;;;;;;;;;;;;;;;;;;;;;;;;;;;;;;;;;;
4386;4510;NÃO UTILIZADO;PREMIAÇÃO - PESSOA JURÍDICA;"REGISTRAR GASTOS COM O PAGAMENTO DE PREMIAÇÕES À PESSOAS JURIDICAS E C         
 OOPERATIVAS, MEDIANTE PROMOÇÃO E/OU SORTEIOS, COM RETENÇÃO DE IMPOSTOS         
  DE FORMA MANUAL.";;0,00;0,00;0,00;0,00;NÃO;NÃO;;;;;;;;;;;;;;;;;;;;;;;;;;;;;;;;;;;;;;;;;;;;;;;;;;;;;;;;;;;;;;;;;;;;;;;;;;;;;;;;;;;;;;;;;;;;;;;;;;;;;;;;;;;;;;
4321;4409;4877;VALE PRESENTE (GIFT CARD);REGISTRAR GASTOS COM AQUISIÇÃO DE VALE-PRESENTE (GIFT CARD) NOS EVENTOS PROMOCIONAIS DO BB.;;1,20;3,00;1,00;0,65;NÃO;NÃO;;;;;;;;;;;;;;;;;;;;;;;;;;;;;;;;;;;;;;;;;;;;;;;;;;;;;;;;;;;;;;;;;;;;;;;;;;;;;;;;;;;;;;;;;;;;;;;;;;;;;;;;;;;;;;
1518;4404;4791;TAXAS DE ASSOCIAÇÃO/ ÓRGÃO REGULADOR (ECAD, SBAT, CREA, ETC.);REGISTRAR OS GASTOS COM PAGAMENTOS DE TAXAS PARA ASSOCIAÇOES E ORGÃOS REGULADORES E/OU FISCALIZADORES, TAIS COMO: ECAD, SBAT, CREA.;;4,80;3,00;1,00;0,65;NÃO;NÃO;BOLETO;;;;;;;;;;;;;;;;;;;;;;;;;;;;;;;;;;;;;;;;;;;;;;;;;;;;;;;;;;;;;;;;;;;;;;;;;;;;;;;;;;;;;;;;;;;;;;;;;;;;;;;;;;;;;
3044;;4807;SEGUROS;REGISTRAR GASTOS COM SEGUROS,CONTRATADOS VIA AGÊNCIA DE PROMOÇÃO. ;;4,80;3,00;1,00;0,65;NÃO;SIM;10.01 – Agenciamento, corretagem ou intermediação de câmbio, de seguros, de cartões de crédito, de planos de saúde e de planos de previdência privada.;;;;;;;;;;;;;;;;;;;;;;;;;;;;;;;;;;;;;;;;;;;;;;;;;;;;;;;;;;;;;;;;;;;;;;;;;;;;;;;;;;;;;;;;;;;;;;;;;;;;;;;;;;;;;
3032;;4790; NEUTRALIZAÇÃO DE CARBONO;REGISTRAR GASTOS, COM A NEUTRALIZAÇÃO DE GASES DE EFEITO ESTUFA. ;;4,80;3,00;1,00;0,65;NÃO;SIM;7.12 – Controle e tratamento de efluentes de qualquer natureza e de agentes físicos, químicos e biológicos.;;;;;;;;;;;;;;;;;;;;;;;;;;;;;;;;;;;;;;;;;;;;;;;;;;;;;;;;;;;;;;;;;;;;;;;;;;;;;;;;;;;;;;;;;;;;;;;;;;;;;;;;;;;;;
3328;;4876;TAXA DE ADMINISTRAÇÃO;REGISTRAR GASTOS COM TAXA DE ADMINISTRAÇÃO EM GERAL, INCLUSIVE DE BENS E NEGÓCIOS DE TERCEIROS.;;4,80;3,00;1,00;0,65;NÃO;SIM;17.12 - Administração em geral, inclusive de bens e negócios de terceiros.;;;;;;;;;;;;;;;;;;;;;;;;;;;;;;;;;;;;;;;;;;;;;;;;;;;;;;;;;;;;;;;;;;;;;;;;;;;;;;;;;;;;;;;;;;;;;;;;;;;;;;;;;;;;;
3033;4453;; CARREGADORES ;"REGISTRAR OS GASTOS  COM  SERVICOS DE CARREGADORES E CONGÊNERES EM EVENTOS PROMOCIONAIS 
";;4,80;3,00;1,00;0,65;NÃO;SIM;17.05 – Fornecimento de mão-de-obra, mesmo em caráter temporário, inclusive de empregados ou trabalhadores, avulsos ou temporários, contratados pelo prestador de serviço.;;;;;;;;;;;;;;;;;;;;;;;;;;;;;;;;;;;;;;;;;;;;;;;;;;;;;;;;;;;;;;;;;;;;;;;;;;;;;;;;;;;;;;;;;;;;;;;;;;;;;;;;;;;;;
3132;4405;;REGULAMENTO DE PROMOCAO;"PAGAMENTO DE SERVIÇO DE ELABORAÇÃO DE REGULAMENTO DE PROMOÇÃO COMERCIAL         
 AUTORIZADA PELO BANCO NA ATUAÇÃO DE AÇÃO PROMOCIONAL.";;4,80;3,00;1,00;0,65;NÃO;SIM;"17.01 – Assessoria ou consultoria de qualquer natureza, não contida em outros itens desta lista; análise, exame, pesquisa, coleta, compilação e fornecimento de dados e informações de qualquer natureza, inclusive cadastro e similares.";;;;;;;;;;;;;;;;;;;;;;;;;;;;;;;;;;;;;;;;;;;;;;;;;;;;;;;;;;;;;;;;;;;;;;;;;;;;;;;;;;;;;;;;;;;;;;;;;;;;;;;;;;;;;
4425;4967;4836;DESPACHANTE E CONGÊNERES;REGISTRAR GASTOS COM CONTRATAÇÃO DE SERVIÇOS DE DESPACHANTE E CONGÊNERES. ;;4,80;3,00;1,00;0,65;SIM;SIM;33.01 - Serviços de desembaraço aduaneiro, comissários, despachantes e congêneres.;;;;;;;;;;;;;;;;;;;;;;;;;;;;;;;;;;;;;;;;;;;;;;;;;;;;;;;;;;;;;;;;;;;;;;;;;;;;;;;;;;;;;;;;;;;;;;;;;;;;;;;;;;;;;
3031;5031;4875;INSTALAÇÃO E MANUT. REDE DE ENERGIA - GRANDES OBRAS;REGISTRAR OS GASTOS COM SERVIÇOS  DE  INSTALAÇÃO E MANUTENÇÃO DE REDE DE ENERGIA ELETRICA EM EVENTOS PROMOCIONAIS. EM GRANDES OBRAS;;4,80;3,00;1,00;0,65;SIM;SIM;7.02 – Execução, por administração, empreitada ou subempreitada, de obras de construção civil, hidráulica ou elétrica e de outras obras semelhantes, inclusive sondagem, perfuração de poços, escavação, drenagem e irrigação, terraplanagem, pavimentação, concretagem e a instalação e montagem de produtos, peças e equipamentos (exceto o fornecimento de mercadorias produzidas pelo prestador de serviços fora do local da prestação dos serviços, que fica sujeito ao ICMS).;;;;;;;;;;;;;;;;;;;;;;;;;;;;;;;;;;;;;;;;;;;;;;;;;;;;;;;;;;;;;;;;;;;;;;;;;;;;;;;;;;;;;;;;;;;;;;;;;;;;;;;;;;;;;
3035;5059;; ELETRICISTA - PEQUENOS SERVIÇOS;"REGISTRAR OS GASTOS COM PEQUENOS SERVICOS DE ELETRICISTAS EM EVENTOS  PROMOCIONAIS (EX: TROCA DE TOMADA, INSTALAÇÃO DE LUSTRE, ETC)
";;4,80;3,00;1,00;0,65;SIM  (EXCETO OPTANTES PELO SIMPLES);SIM;17.05 – Fornecimento de mão-de-obra, mesmo em caráter temporário, inclusive de empregados ou trabalhadores, avulsos ou temporários, contratados pelo prestador de serviço.;;;;;;;;;;;;;;;;;;;;;;;;;;;;;;;;;;;;;;;;;;;;;;;;;;;;;;;;;;;;;;;;;;;;;;;;;;;;;;;;;;;;;;;;;;;;;;;;;;;;;;;;;;;;;
1458;5037;4793; MATERIAIS ELÉTRICOS / TELEFÔNICOS;REGISTRAR GASTOS COM AQUISIÇÃO DE MATERIAIS ELÉTRICOS E TELEFÔNICOS EM EVENTOS PROMOCIONAIS. ;;1,20;3,00;1,00;0,65;NÃO;NÃO;;;;;;;;;;;;;;;;;;;;;;;;;;;;;;;;;;;;;;;;;;;;;;;;;;;;;;;;;;;;;;;;;;;;;;;;;;;;;;;;;;;;;;;;;;;;;;;;;;;;;;;;;;;;;;
3043;4441;4786;LIGAÇÕES TELEFÔNICAS E SERVIÇO DE INTERNET;REGISTRAR OS GASTOS COM LIGAÇÕES TELEFÔNICAS, EFETUADAS A PARTIR DE APARELHOS FIXOS OU MOVEIS E DISPONIBILIZAÇÃO DE LINHA PARA ACESSO A INTERNET.;;4,80;3,00;1,00;0,65;NÃO;NÃO;                                                                                     FATURA;;;;;;;;;;;;;;;;;;;;;;;;;;;;;;;;;;;;;;;;;;;;;;;;;;;;;;;;;;;;;;;;;;;;;;;;;;;;;;;;;;;;;;;;;;;;;;;;;;;;;;;;;;;;;
3140;4421;4794;DESENVOLVIMENTO DE SISTEMA;PARA SERVIÇO DE DESENVOLVIMENTO SOFTWARES E APLICATIVOS DIVERSOS PARA USO EM AÇÃO PROMOCIONAL.;;4,80;3,00;1,00;0,65;NÃO;SIM;1.04 - Elaboração de programas de computadores, inclusive de jogos eletrônicos, independentemente da arquitetura construtiva da máquina em que o programa será executado, incluindo tablets, smartphones e congêneres;;;;;;;;;;;;;;;;;;;;;;;;;;;;;;;;;;;;;;;;;;;;;;;;;;;;;;;;;;;;;;;;;;;;;;;;;;;;;;;;;;;;;;;;;;;;;;;;;;;;;;;;;;;;;
3248;;4792; SERVIÇO DE PROGRAMAÇÃO;REGISTRAR GASTOS COM SERVIÇO DE PROGRAMAÇÃO. ;;4,80;3,00;1,00;0,65;NÃO;SIM;1.02 – Programação.;;;;;;;;;;;;;;;;;;;;;;;;;;;;;;;;;;;;;;;;;;;;;;;;;;;;;;;;;;;;;;;;;;;;;;;;;;;;;;;;;;;;;;;;;;;;;;;;;;;;;;;;;;;;;
3283;;4874;MANUTENÇÃO PLATAFORMA STREAMING;REGISTRAR GASTOS COM A CONTRATAÇÃO DE MANUTENÇÃO DE PLATAFORMA STREAMING NO SERVIDOR DOS FORNECEDORES TERCEIRIZADOS. ;;4,80;3,00;1,00;0,65;NÃO;SIM;1.07 – Suporte técnico em informática, inclusive instalação, configuração e manutenção de programas de computação e bancos de dados.;;;;;;;;;;;;;;;;;;;;;;;;;;;;;;;;;;;;;;;;;;;;;;;;;;;;;;;;;;;;;;;;;;;;;;;;;;;;;;;;;;;;;;;;;;;;;;;;;;;;;;;;;;;;;
3282;4410;4868;HOSPEDAGEM PLATAFORMA STREAMING;REGISTRAR GASTOS COM A CONTRATAÇÃO DE HOSPEDAGEM DE PLATAFORMA STREAMING NO SERVIDOR DO FORNECEDOR TERCEIRIZADO. ;;4,80;3,00;1,00;0,65;NÃO;SIM;1.03 - Processamento, armazenamento ou hospedagem de dados, textos, imagens, vídeos, páginas eletrônicas, aplicativos e sistemas de informação, entre outros formatos, e congêneres;;;;;;;;;;;;;;;;;;;;;;;;;;;;;;;;;;;;;;;;;;;;;;;;;;;;;;;;;;;;;;;;;;;;;;;;;;;;;;;;;;;;;;;;;;;;;;;;;;;;;;;;;;;;;
1442;4455;4869; FOTOGRAFIA E FILMAGEM;REGISTRAR OS GASTOS COM SERVIÇOS FOTOGRÁFICOS E DE FILMAGEM EM EVENTOS  PROMOCIONAIS. ;;4,80;3,00;1,00;0,65;SIM;SIM;13.03 – Fotografia e cinematografia, inclusive revelação, ampliação, cópia, reprodução, trucagem e congêneres.;;;;;;;;;;;;;;;;;;;;;;;;;;;;;;;;;;;;;;;;;;;;;;;;;;;;;;;;;;;;;;;;;;;;;;;;;;;;;;;;;;;;;;;;;;;;;;;;;;;;;;;;;;;;;
1518;4404;; TAXA DE ASSOCIAÇÃO / ÓRGÃO REGULADOR (ECAD);"REGISTRAR OS GASTOS COM PAGAMENTOS DE TAXAS PARA ASSOCIAÇOES E ORGÃOS  REGULADORES E/OU FISCALIZADORES, TAIS COMO: ECAD, SBAT, CREA
";;1,50;3,00;1,00;0,65;NÃO;NÃO;BOLETO;;;;;;;;;;;;;;;;;;;;;;;;;;;;;;;;;;;;;;;;;;;;;;;;;;;;;;;;;;;;;;;;;;;;;;;;;;;;;;;;;;;;;;;;;;;;;;;;;;;;;;;;;;;;;
3250;4417;4870;DISPONIBILIZAÇÃO DE CONTEÚDOS - AUDIO, VÍDEO, ETC.;REGISTRAR GASTOS COM DISPONIBILIZAÇÃO DE CONTEÚDOS - AUDIO, VÍDEO, IMAGEM E TEXTO. ;;4,80;3,00;1,00;0,65;NÃO;SIM;1.09 - Disponibilização, sem cessão definitiva, de conteúdos de áudio, vídeo, imagem e texto por meio da internet, respeitada a imunidade de livros, jornais e periódicos (exceto a distribuição de conteúdos pelas prestadoras de Serviço de Acesso Condicionado, de que trata a Lei no 12.485, de 12 de setembro de 2011;;;;;;;;;;;;;;;;;;;;;;;;;;;;;;;;;;;;;;;;;;;;;;;;;;;;;;;;;;;;;;;;;;;;;;;;;;;;;;;;;;;;;;;;;;;;;;;;;;;;;;;;;;;;;
3290;4481;4804;TRADUÇÃO, DIGITAÇÃO E CONGÊNERES;REGISTRAR GASTOS COM A CONTRATAÇÃO DE SERVIÇOS DE TRADUÇÃO, DATILOGRAFIA, DIGITAÇÃO, SECRETARIA EM GERAL, REDAÇÃO, EDIÇÃO E CONGÊNERES. ;;4,80;3,00;1,00;0,65;NÃO;SIM;17.02 – Datilografia, digitação, estenografia, expediente, secretaria em geral, resposta audível, redação, edição, interpretação, revisão, tradução, apoio e infra-estrutura administrativa e congêneres.;;;;;;;;;;;;;;;;;;;;;;;;;;;;;;;;;;;;;;;;;;;;;;;;;;;;;;;;;;;;;;;;;;;;;;;;;;;;;;;;;;;;;;;;;;;;;;;;;;;;;;;;;;;;;
3088;4451;4853;SEGURANÇA;REGISTRAR OS GASTOS COM SEGURANÇAS CONTRATADOS PARA ATUAR EM EVENTO PROMOCIONAL. ;;4,80;3,00;1,00;0,65;SIM;SIM;11.02 - Vigilância, segurança ou monitoramento de bens, pessoas e semoventes.;;;;;;;;;;;;;;;;;;;;;;;;;;;;;;;;;;;;;;;;;;;;;;;;;;;;;;;;;;;;;;;;;;;;;;;;;;;;;;;;;;;;;;;;;;;;;;;;;;;;;;;;;;;;;
3128;4452;4829; BRIGADISTAS;REGISTRAR OS GASTOS COM BRIGADISTAS CONTRATADOS PARA ATUAR EM EVENTO PROMOCIONAL.;;4,80;3,00;1,00;0,65;SIM;SIM;11.02 - Vigilância, segurança ou monitoramento de bens, pessoas e semoventes.;;;;;;;;;;;;;;;;;;;;;;;;;;;;;;;;;;;;;;;;;;;;;;;;;;;;;;;;;;;;;;;;;;;;;;;;;;;;;;;;;;;;;;;;;;;;;;;;;;;;;;;;;;;;;
3093;;4798;PLANO DE PREVENÇÃO CONTRA INCÊNDIO;REGISTRAR  OS GASTOS COM PLANO DE PREVENÇÃO CONTRA INCÊNDIO, DECORRENTES DE AÇÃO / EVENTO PROMOCIONAL. ;;4,80;3,00;1,00;0,65;NÃO;SIM;17.03 – Planejamento, coordenação, programação ou organização técnica, financeira ou administrativa.;;;;;;;;;;;;;;;;;;;;;;;;;;;;;;;;;;;;;;;;;;;;;;;;;;;;;;;;;;;;;;;;;;;;;;;;;;;;;;;;;;;;;;;;;;;;;;;;;;;;;;;;;;;;;
3236;4980;4789;SERVIÇOS DE SAÚDE, ASSIST MÉDICA E CONGÊNERES;REGISTRAR GASTOS COM A PRESTAÇÃO DE SERVIÇOS MÉDICOS OBRIGATÓRIOS (AMBULÂNCIA, MÉDICO, ENFERMEIRA, REMÉDIOS, APARELHOS PARA PRIMEIROS SOCORROS, UTI MÓVEL E CONGÊNERES) EM EVENTOS COMO ENCONTROS, CERIMÔNIAS E CONGÊNERES, ONDE HAJA AGLOMERAÇÃO DE PESSOAS. ;;1,2;3,00;1,00;0,65;NÃO;SIM;4.21 – Unidade de atendimento, assistência ou tratamento móvel e congêneres.;;;;;;;;;;;;;;;;;;;;;;;;;;;;;;;;;;;;;;;;;;;;;;;;;;;;;;;;;;;;;;;;;;;;;;;;;;;;;;;;;;;;;;;;;;;;;;;;;;;;;;;;;;;;;
4475;4506;4500; TESTES CLINICOS E PATOLOGICOS - AGPROMO;REGISTRAR GASTOS COM A REALIZAÇÃO DE ANÁLISES CLÍNICAS, PATOGÊNICAS E CONGÊNERES, SUBCONTRATADOS POR EMPRESA DE ORGANIZAÇÃO E LOGÍSTICA DE EVENTOS.;- ANALISAR SE PODE SOLICITAR PRIVACIDADE DE SISTEMA MKT                                              - ANALISAR SE PRECISA ALTERAR NOME E DESCRITIVO ;1,20;3,00;1,00;0,65;SIM;SIM;4.02 – Análises clínicas, patologia, eletricidade médica, radioterapia, quimioterapia, ultra-sonografia, ressonância magnética, radiologia, tomografia e congêneres.;;;;;;;;;;;;;;;;;;;;;;;;;;;;;;;;;;;;;;;;;;;;;;;;;;;;;;;;;;;;;;;;;;;;;;;;;;;;;;;;;;;;;;;;;;;;;;;;;;;;;;;;;;;;;
1515;5035;4863;LAVANDERIA;REGISTRAR OS GASTOS COM LAVAGEM DE TOALHAS, UNIFORMES, TAPETES E CORTINAS UTILIZADOS EM EVENTOS PROMOCIONAIS. ;;4,80;3,00;1,00;0,65;NÃO;SIM;14.10 – Tinturaria e lavanderia.;;;;;;;;;;;;;;;;;;;;;;;;;;;;;;;;;;;;;;;;;;;;;;;;;;;;;;;;;;;;;;;;;;;;;;;;;;;;;;;;;;;;;;;;;;;;;;;;;;;;;;;;;;;;;
1526;;; CLIPPING ;"REGISTRAR OS GASTOS COM SERVICOS DE CLIPPING EM EVENTOS PROMOCIONAIS
";;4,80;3,00;1,00;0,65;NÃO;SIM;23.01 – Serviços de programação e comunicação visual, desenho industrial e congêneres. - ITEM ERRADO O CORRETO SERIA 35.01- VER COM DIPAG;;;;;;;;;;;;;;;;;;;;;;;;;;;;;;;;;;;;;;;;;;;;;;;;;;;;;;;;;;;;;;;;;;;;;;;;;;;;;;;;;;;;;;;;;;;;;;;;;;;;;;;;;;;;;
3025;4646;; SERVIÇOS DE COPA ;"REGISTRAR OS GASTOS COM SERVICOS DE COPA, TAIS COMO COPEIRAS E  GARCOM EM EVENTOS PROMOCIONAIS, QUE CONSTITUAM  DESPESAS  EFETIVAS DO  BANCO
";;4,80;3,00;1,00;0,65;SIM  (EXCETO OPTANTES PELO SIMPLES);SIM;17.05 – Fornecimento de mão-de-obra, mesmo em caráter temporário, inclusive de empregados ou trabalhadores, avulsos ou temporários, contratados pelo prestador de serviço.;;;;;;;;;;;;;;;;;;;;;;;;;;;;;;;;;;;;;;;;;;;;;;;;;;;;;;;;;;;;;;;;;;;;;;;;;;;;;;;;;;;;;;;;;;;;;;;;;;;;;;;;;;;;;
3026;4456;4864;SERVIÇOS DE LIMPEZA;REGISTRAR OS GASTOS COM SERVICOS DE LIMPEZA, SEM EMPREGO / CESSÃO DE MATERIAL EM EVENTOS PROMOCIONAIS. ;;4,80;3,00;1,00;0,65;NÃO;SIM;7.10 – Limpeza, manutenção e conservação de vias e logradouros públicos, imóveis, chaminés, piscinas, parques, jardins e congêneres. ;;;;;;;;;;;;;;;;;;;;;;;;;;;;;;;;;;;;;;;;;;;;;;;;;;;;;;;;;;;;;;;;;;;;;;;;;;;;;;;;;;;;;;;;;;;;;;;;;;;;;;;;;;;;;
3046;;; CLINICAS DE ESPORTES ;"REGISTRAR OS GASTOS COM SERVIÇOS DE ESCOLINHAS ESPORTIVAS, EM  EVENTOS PROMOCIONAIS
";;4,80;3,00;1,00;0,65;NÃO;SIM;12.13 – Produção, mediante ou sem encomenda prévia, de eventos, espetáculos, entrevistas, shows, ballet, danças, desfiles, bailes, teatros, óperas, concertos, recitais, festivais e congêneres.;;;;;;;;;;;;;;;;;;;;;;;;;;;;;;;;;;;;;;;;;;;;;;;;;;;;;;;;;;;;;;;;;;;;;;;;;;;;;;;;;;;;;;;;;;;;;;;;;;;;;;;;;;;;;
CRIAR NOVO EVENTO COM INSS - GCO 305542;4457;;PARTICIPAÇÃO EM FEIRAS - AMBIENTE  DO FORNECEDOR - COM ISS;"PARTICIPAÇÃO EM FEITAS, EXPOSIÇÕES, CONGRESSOS E CONGÊNERES.
OBS: TRATA-SE DE PRODUçAO DE EVENTOS EM QUE A EMPRESA PRESTA  SERVIçOS DE ORGANIZAçAO DE STANDS, QUE VAI DESDE CONTRATAçAO DE PROMOTERS, A RECEPCIONISTA, REPRESENTANTES DE PONTO DE VENDA, RECEPTIVO. NO AMBIENTE DO FORNECEDOR.";;4,80;3,00;1,00;0,65;SIM;SIM;12.08 – Feiras, exposições, congressos e congêneres.;;;;;;;;;;;;;;;;;;;;;;;;;;;;;;;;;;;;;;;;;;;;;;;;;;;;;;;;;;;;;;;;;;;;;;;;;;;;;;;;;;;;;;;;;;;;;;;;;;;;;;;;;;;;;
3233 - ALTERAR GCO DESCRIÇÃO ESPECIFICANDO NAS DEPENDÊNCIAS DA CONTRATADA SEM CESSÃO DE MDO;CRIAR NOVO EVENTO - SEM INSS;;PARTICIPAÇÃO EM FEIRAS - DEPENDÊNCIA BANCO OU INDICADO - SEM INSS;"PARTICIPAÇÃO EM FEITAS, EXPOSIÇÕES, CONGRESSOS E CONGÊNERES.      OBS: TRATA-SE DE PRODUçAO DE EVENTOS EM QUE A EMPRESA PRESTA  SERVIçOS DE ORGANIZAçAO DE STANDS, QUE VAI DESDE CONTRATAçAO DE PROMOTERS, A RECEPCIONISTA, REPRESENTANTES DE PONTO DE VENDA, RECEPTIVO
OBS: NO AMBIENTE DO BANCO OU INDICADO POR ELE.";;;;;;NÃO;SIM;12.08 – Feiras, exposições, congressos e congêneres.;;;;;;;;;;;;;;;;;;;;;;;;;;;;;;;;;;;;;;;;;;;;;;;;;;;;;;;;;;;;;;;;;;;;;;;;;;;;;;;;;;;;;;;;;;;;;;;;;;;;;;;;;;;;;
3136;4422;4839;CONSULTORIAS DIVERSAS;REGISTRAR OS GASTOS COM CONSULTORIAS DIVERSAS DECORRENTES DO EVENTO PROMOCIONAL. ;;4,80;3,00;1,00;0,65;NÃO;SIM;"17.01 – Assessoria ou consultoria de qualquer natureza, não contida em outros itens desta lista; análise, exame, pesquisa, coleta, compilação e fornecimento de dados e informações de qualquer natureza, inclusive cadastro e similares.";;;;;;;;;;;;;;;;;;;;;;;;;;;;;;;;;;;;;;;;;;;;;;;;;;;;;;;;;;;;;;;;;;;;;;;;;;;;;;;;;;;;;;;;;;;;;;;;;;;;;;;;;;;;;
3247;5038;4840;SERVIÇO LUBRIFICAÇÃO, LIMPEZA, CONSERTO, RESTAURAÇÃO;REGISTRAR OS GASTOS COM CONSULTORIAS DIVERSAS DECORRENTES DO EVENTO PROMOCIONAL. ;;4,80;3,00;1,00;0,65;NÃO;SIM;14.01 – Lubrificação, limpeza, lustração, revisão, carga e recarga, conserto, restauração, blindagem, manutenção e conservação de máquinas, veículos, aparelhos, equipamentos, motores, elevadores ou de qualquer objeto (exceto peças e partes empregadas, que ficam sujeitas ao ICMS).;;;;;;;;;;;;;;;;;;;;;;;;;;;;;;;;;;;;;;;;;;;;;;;;;;;;;;;;;;;;;;;;;;;;;;;;;;;;;;;;;;;;;;;;;;;;;;;;;;;;;;;;;;;;;
3245;4678;4841;ASSISTÊNCIA TÉCNICA EM GERAL;REGISTRAR GASTOS COM ASSISTÊNCIA TÉCNICA EM GERAL. ;;4,80;3,00;1,00;0,65;NÃO;SIM;14.02 – Assistência técnica.;;;;;;;;;;;;;;;;;;;;;;;;;;;;;;;;;;;;;;;;;;;;;;;;;;;;;;;;;;;;;;;;;;;;;;;;;;;;;;;;;;;;;;;;;;;;;;;;;;;;;;;;;;;;;
3251;;;SERVIÇO DE AGENCIAMENTO DE NOTÍCIAS - PROMOÇÃO;REGISTRAR GASTOS COM AGENCIAMENTO DE NOTÍCIAS EM AÇÕES PROMOCIONAIS;;4,80;3,00;1,00;0,65;NÃO;NÃO;NÃO;;;;;;;;;;;;;;;;;;;;;;;;;;;;;;;;;;;;;;;;;;;;;;;;;;;;;;;;;;;;;;;;;;;;;;;;;;;;;;;;;;;;;;;;;;;;;;;;;;;;;;;;;;;;;
3252;;;AUDITORIA - PROMOÇÃO;REGISTRAR GASTOS COM SERVIÇOS DE AUDITORIA NOS EVENTOS PROMOCIONAIS;;4,80;3,00;1,00;0,65;NÃO;SIM;17.16 – Auditoria.;;;;;;;;;;;;;;;;;;;;;;;;;;;;;;;;;;;;;;;;;;;;;;;;;;;;;;;;;;;;;;;;;;;;;;;;;;;;;;;;;;;;;;;;;;;;;;;;;;;;;;;;;;;;;
3273;;;SERVIÇOS DE FACTORING (DIVERSOS);REGISTRAR GASTOS COM SERVIÇOS RELACIONADOS A FACTORING, COMO:  ASSESSORIA, ANÁLISE, AVALIAÇÃO, ATENDIMENTO, CONSULTA, CADASTRO, SELEÇÃO, GERENCIAMENTO DE INFORMAÇÕES,ADMINISTRAÇÃO DE CONTAS A RECEBER OU A PAGAR EM GERAL NAS AÇÕES PROMOCIONAIS.                                      ;;;;;;NÃO;SIM;17.23 – Assessoria, análise, avaliação, atendimento, consulta, cadastro, seleção, gerenciamento de informações, administração de contas a receber ou a pagar e em geral, relacionados a operações de faturização (factoring).;;;;;;;;;;;;;;;;;;;;;;;;;;;;;;;;;;;;;;;;;;;;;;;;;;;;;;;;;;;;;;;;;;;;;;;;;;;;;;;;;;;;;;;;;;;;;;;;;;;;;;;;;;;;;
3274;"EVENTO CDA SERÁ CRIADO - AGUARDANDO DETALHAMENTO DOS SERVIÇOS PELO PESSOAL DE PROMO DIMAC E POSTERIOR ""DE ACORDO"" DA DIMEP - 21/05/2024";4842;EXIBIÇÃO DE FILMES E DIVERSOS;REGISTRAR GASTOS COM SERVIÇOS DE EXIBIÇÃO DE FILMES, ENTREVISTAS, MUSICAIS, ESPETÁCULOS, SHOWS, COMPETIÇÕES ESPORTIVAS, DESFILES E CONGÊNERES NOS EVENTOS PROMOCIONAIS. ;;4,80;3,00;1,00;0,65;NÃO;SIM;12.16 – Exibição de filmes, entrevistas, musicais, espetáculos, shows, concertos, desfiles, óperas, competições esportivas, de destreza intelectual ou congêneres.;;;;;;;;;;;;;;;;;;;;;;;;;;;;;;;;;;;;;;;;;;;;;;;;;;;;;;;;;;;;;;;;;;;;;;;;;;;;;;;;;;;;;;;;;;;;;;;;;;;;;;;;;;;;;
3275;4969;4843;SERVIÇO DE RESTAURAÇÃO, PINTURA, TINGIMENTO;REGISTRAR GASTOS COM SERVIÇOS DE RESTAURAÇÃO PINTURA TINGIMENTO PLASTIFICAÇÃO E CONGENERES NAS AÇÕES PROMOCIONAIS. ;;4,80;3,00;1,00;0,65;NÃO;SIM;14.05 - Restauração, recondicionamento, acondicionamento, pintura, beneficiamento, lavagem, secagem, tingimento, galvanoplastia, anodização, corte, recorte, plastificação, costura, acabamento, polimento e congêneres de objetos quaisquer;;;;;;;;;;;;;;;;;;;;;;;;;;;;;;;;;;;;;;;;;;;;;;;;;;;;;;;;;;;;;;;;;;;;;;;;;;;;;;;;;;;;;;;;;;;;;;;;;;;;;;;;;;;;;
3280;;;SERVIÇOS DE ADVOCACIA ;REGISTRAR GASTOS COM SERVIÇOS DE ADVOCACIA NOS EVENTOS PROMOCIONAIS.                                          ;;4,80;3,00;1,00;0,65;NÃO;SIM;17.14 – Advocacia.;;;;;;;;;;;;;;;;;;;;;;;;;;;;;;;;;;;;;;;;;;;;;;;;;;;;;;;;;;;;;;;;;;;;;;;;;;;;;;;;;;;;;;;;;;;;;;;;;;;;;;;;;;;;;
2825;"EVENTO CDA SERÁ CRIADO - AGUARDANDO ""DE ACORDO"" DA DIMEP - 04/01/2024";4844;PLANEJAMENTO DE PROJETO;REGISTRAR DESPESA COM PAGAMENTO DE EMPRESA PARA DESENVOLVIMENTO DE DIVERSAS ACÕES QUE ENVOLVEM UMA PREMIACAO DE CONCURSO, DESDE O PLANEJAMENTO DA PROMOÇÃO ATE A EXECUÇÃO E ACOMPANHAMENTO DOS DESDOBRAMENTOS DA PROMOCAO, .;;4,80;3,00;1,00;0,65;NÃO;SIM;17.10 - Planejamento, organização e administração de feiras, exposições, congressos e congêneres.;;;;;;;;;;;;;;;;;;;;;;;;;;;;;;;;;;;;;;;;;;;;;;;;;;;;;;;;;;;;;;;;;;;;;;;;;;;;;;;;;;;;;;;;;;;;;;;;;;;;;;;;;;;;;
4476;4580;;SERVIÇOS DE MUSEOLOGIA;" O EVENTO DESTINA-SE AO PAGAMENTO DE PESSOA FÍSICA/JURÍDICA/COOP         
 REGISTRAR GASTOS COM A REALIZAÇÃO DE SERVIÇOS DE MUSEOLOGIA NAS AÇÕES_         
 PROMOCIONAIS DO BANCO";;4,80;3,00;1,00;0,65;NÃO;SIM;38.01  – Serviços de museologia.;;;;;;;;;;;;;;;;;;;;;;;;;;;;;;;;;;;;;;;;;;;;;;;;;;;;;;;;;;;;;;;;;;;;;;;;;;;;;;;;;;;;;;;;;;;;;;;;;;;;;;;;;;;;;
4601;4454;;PACOTE RH  - MAIS DE 1 SERVIÇO, MESMO FORNECEDOR E ITEM LC 116;"REGISTRAR OS GASTOS COM CONTRATAÇãO CONJUNTA DE DOIS OU MAIS SERVIÇOS DE MÃO DE OBRA TEMPORÁRIA JUNTO A UM ÚNICO FORNECEDOR, COM O MESMO SUBITEM DA LC 116/2003
";;4,80;3,00;1,00;0,65;NÃO;SIM;17.05 – Fornecimento de mão-de-obra, mesmo em caráter temporário, inclusive de empregados ou trabalhadores, avulsos ou temporários, contratados pelo prestador de serviço.;;;;;;;;;;;;;;;;;;;;;;;;;;;;;;;;;;;;;;;;;;;;;;;;;;;;;;;;;;;;;;;;;;;;;;;;;;;;;;;;;;;;;;;;;;;;;;;;;;;;;;;;;;;;;
4604;4638;4838; PRODUTOR/COORDENADOR DE EVENTO (TERCEIRIZADO);O EVENTO CDA DESTINA-SE A CONTRATAÇÃO DE PROFISSIONAL TERCEIRIZADO, ESPECIALIZADO NA ORGANIZAÇÃO, PLANEJAMENTO, ORIENTAÇÃO E ACOMPANHAMENTO DE TODAS AS FASES DE REALIZAÇÃO DE UM EVENTO PROMOCIONAL DE QUALQUER TIPO. CABE AO PRODUTOR GERENCIAR TODOS OS SERVIÇOS NECESSÁRIOS PARA CADA EVENTO, COMO: ILUMINAÇÃO, SOM, SEGURANÇA, ACOMODAÇÃO, ALIMENTAÇÃO, BEM COMO FAZER CUMPRIR O CRONOGRAMA E RESOLVER EVENTUAIS PROBLEMAS DE ÚLTIMA HORA. INCLUEM-SE NESTE EVENTO CDA: DIRETORES DE PRODUÇÃO, PRODUTORES, COORDENADORES E PROMOTORES DE EVENTO. ;;4,80;3,00;1,00;0,65;SIM;SIM;                                                                                                                                                                                                                                                                                                                                                                                                                                                                                                                                 12.13 – Produção, mediante ou sem encomenda prévia, de eventos, espetáculos, entrevistas, shows, ballet, danças, desfiles, bailes, teatros, óperas, concertos, recitais, festivais e congêneres.;;;;;;;;;;;;;;;;;;;;;;;;;;;;;;;;;;;;;;;;;;;;;;;;;;;;;;;;;;;;;;;;;;;;;;;;;;;;;;;;;;;;;;;;;;;;;;;;;;;;;;;;;;;;;
1575;4482;4837;AQUISIÇÃO DE INGRESSOS - COMPRA;REGISTRAR COMPRA DE INGRESSOS DE EVENTOS DE REGISTRAR COMPRA DE INGRESSOS DE EVENTOS DE NATUREZA CULTURAL E/OU ESPORTIVA, SENDO O BANCO PATROCINADOR OU NãO.;;4,80;3,00;1,00;0,65;NÃO;SIM;12.11 – Competições esportivas ou de destreza física ou intelectual, com ou sem a participação do espectador.;;;;;;;;;;;;;;;;;;;;;;;;;;;;;;;;;;;;;;;;;;;;;;;;;;;;;;;;;;;;;;;;;;;;;;;;;;;;;;;;;;;;;;;;;;;;;;;;;;;;;;;;;;;;;
3246;"EVENTO CDA SERÁ CRIADO - AGUARDANDO DETALHAMENTO DOS SERVIÇOS PELO PESSOAL DE PROMO DIMAC E POSTERIOR ""DE ACORDO"" DA DIMEP - 21/05/2024";4833;SERVIÇOS EM PARQUES DE DIVERSÃO, CENTROS DE LAZER E CONGÊNERES;REGISTRAR GASTOS COM SERVIÇOS REALIZADOS EM PARQUES DE DIVERSÃO, CENTROS DE LAZER E CONGÊNERES. ;;4,80;3,00;1,00;0,65;NÃO;SIM;12.05 – Parques de diversões, centros de lazer e congêneres.;;;;;;;;;;;;;;;;;;;;;;;;;;;;;;;;;;;;;;;;;;;;;;;;;;;;;;;;;;;;;;;;;;;;;;;;;;;;;;;;;;;;;;;;;;;;;;;;;;;;;;;;;;;;;
4650;AGUARDANDO CRIAÇÃO PELA COGER - GCO 444226 DE 12/06/2024 - BRUNO;;VISITA GUIADA - PROMOÇÃO AGÊNCIAS;  O EVENTO CDA DESTINA-SE A CONTRATAÇÃO DE PROFISSIONAL PARA REALIZAÇÃO DE VISITA GUIADA NOS EVENTOS DO BANCO.;;;;;;SIM;SIM;17.05 – Fornecimento de mão-de-obra, mesmo em caráter temporário, inclusive de empregados ou trabalhadores, avulsos ou temporários, contratados pelo prestador de serviço.;;;;;;;;;;;;;;;;;;;;;;;;;;;;;;;;;;;;;;;;;;;;;;;;;;;;;;;;;;;;;;;;;;;;;;;;;;;;;;;;;;;;;;;;;;;;;;;;;;;;;;;;;;;;;
4675;"EVENTO CDA SERÁ CRIADO - AGUARDANDO DETALHAMENTO DOS SERVIÇOS PELO PESSOAL DE PROMO DIMAC E POSTERIOR ""DE ACORDO"" DA DIMEP - 21/05/2024";4865;AQUISIÇÃO DE LIVROS;REGISTRAR GASTOS COM AQUISIçãO DE LIVROS NOS PROJETOS DE PROMOÇÃO DO BANCO, MEDIANTE INTERMEDIAÇÃO DAS AGÊNCIAS DE PROMOÇÃO. ;;1,20;0,00;1,00;0,00;NÃO;NÃO;NF DE VENDA;;;;;;;;;;;;;;;;;;;;;;;;;;;;;;;;;;;;;;;;;;;;;;;;;;;;;;;;;;;;;;;;;;;;;;;;;;;;;;;;;;;;;;;;;;;;;;;;;;;;;;;;;;;;;
Eventos p/ o fornecedor faturar obrigatóriamente contra a agência de promoção - Agência antecipou o pagamento e será reembolsada - VERBA DIMAC;VERBA INTERNALIZADA;VERBA ENDOMARKETING;NOME DO CDA;DESCRITIVO ATUALIZADO ;ENCAMINHAMENTOS PARA ABSORÇÃO DO SERVIÇO;IRPJ;COFINS;CSLL;PIS/PASEP;RETÉM INSS;RETÉM ISS ?;CÓDIGO - LC 116;;;;;;;;;;;;;;;;;;;;;;;;;;;;;;;;;;;;;;;;;;;;;;;;;;;;;;;;;;;;;;;;;;;;;;;;;;;;;;;;;;;;;;;;;;;;;;;;;;;;;;;;;;;;;
3048;5249;4866;DESLOCAMENTO DE CONTRATADO-REEMBOLSO;REGISTRAR REEMBOLSO DOS GASTOS ANTECIPADOS PELA AGÊNCIA, COM DESLOCAMENTO (PASSAGENS AÉREAS) DE CONTRATADO PARA ATUAR EM EVENTO PROMOCIONAL - PASSAGEM, LOCAÇÃO DE VEÍCULOS COM OU SEM MOTORISTA, TRANSPORTE PRIVADO COMO UBER E TAXI, TRANSPORTE AQUAVIÁRIO E MARÍTIMO.  ;;NÃO;NÃO;NÃO;NÃO;NÃO;NÃO;ISENTO DE TRIBUTAÇÃO;;;;;;;;;;;;;;;;;;;;;;;;;;;;;;;;;;;;;;;;;;;;;;;;;;;;;;;;;;;;;;;;;;;;;;;;;;;;;;;;;;;;;;;;;;;;;;;;;;;;;;;;;;;;;
3055;5250;4867;HOSPEDAGEM REEMBOLSO;REGISTRAR REEMBOLSO DOS GASTOS ANTECIPADOS PELA AGÊNCIA COM HOSPEDAGEM DE CONTRATADO PARA ATUAR EM EVENTO PROMOCIONA. ;;NÃO;NÃO;NÃO;NÃO;NÃO;NÃO;ISENTO DE TRIBUTAÇÃO;;;;;;;;;;;;;;;;;;;;;;;;;;;;;;;;;;;;;;;;;;;;;;;;;;;;;;;;;;;;;;;;;;;;;;;;;;;;;;;;;;;;;;;;;;;;;;;;;;;;;;;;;;;;;
3056;4448;4871;TAXAS DIVERSAS - REEMBOLSO; REGISTRAR REEMBOLSO DOS GASTOS ANTECIPADOS PELA AGÊNCIA COM TAXAS DIVERSAS PARA A REALIZAÇÃO DE EVENTO PROMOCIONAL.;;NÃO;NÃO;NÃO;NÃO;NÃO;NÃO;ISENTO DE TRIBUTAÇÃO;;;;;;;;;;;;;;;;;;;;;;;;;;;;;;;;;;;;;;;;;;;;;;;;;;;;;;;;;;;;;;;;;;;;;;;;;;;;;;;;;;;;;;;;;;;;;;;;;;;;;;;;;;;;;
3057;GCO 263903 - CRIADO PELO BRUNO AMÁRIO EM 14/06/2024;4872; INGRESSO - REEMBOLSO;REGISTRAR REEMBOLSO DOS GASTOS ANTECIPADOS PELA AGÊNCIA COM AQUISIÇÃO DE INGRESSOS PARA A REALIZAÇÃO DE EVENTO PROMOCIONAL. ;;NÃO;NÃO;NÃO;NÃO;NÃO;NÃO;ISENTO DE TRIBUTAÇÃO;;;;;;;;;;;;;;;;;;;;;;;;;;;;;;;;;;;;;;;;;;;;;;;;;;;;;;;;;;;;;;;;;;;;;;;;;;;;;;;;;;;;;;;;;;;;;;;;;;;;;;;;;;;;;
3058;5095;4873; CACHÊ - REEMBOLSO;REGISTRAR REEMBOLSO DOS GASTOS ANTECIPADOS PELA AGÊNCIA COM CACHÊ PARA A REALIZAÇÃO DE EVENTO PROMOCIONAL.;;NÃO;NÃO;NÃO;NÃO;NÃO;NÃO;ISENTO DE TRIBUTAÇÃO;;;;;;;;;;;;;;;;;;;;;;;;;;;;;;;;;;;;;;;;;;;;;;;;;;;;;;;;;;;;;;;;;;;;;;;;;;;;;;;;;;;;;;;;;;;;;;;;;;;;;;;;;;;;;
3059;4981;4855; DIREITO AUTORAL - ECAD - REEMBOLSO;REGISTRAR REEMBOLSO DOS GASTOS ANTECIPADOS PELA AGÊNCIA COM DIREITO AUTORAL PARA A REALIZAÇÃO DE EVENTO PROMOCIONAL. ;;NÃO;NÃO;NÃO;NÃO;NÃO;NÃO;ISENTO DE TRIBUTAÇÃO;;;;;;;;;;;;;;;;;;;;;;;;;;;;;;;;;;;;;;;;;;;;;;;;;;;;;;;;;;;;;;;;;;;;;;;;;;;;;;;;;;;;;;;;;;;;;;;;;;;;;;;;;;;;;
3061;4485;4862;SEGUROS - REEMBOLSO;"REGISTRAR REEMBOLSO DOS GASTOS ANTECIPADOS PELA AGÊNCIA COM SEGURO PARA A REALIZAÇÃO DE EVENTO PROMOCIONAL.

";;NÃO;NÃO;NÃO;NÃO;NÃO;NÃO;ISENTO DE TRIBUTAÇÃO;;;;;;;;;;;;;;;;;;;;;;;;;;;;;;;;;;;;;;;;;;;;;;;;;;;;;;;;;;;;;;;;;;;;;;;;;;;;;;;;;;;;;;;;;;;;;;;;;;;;;;;;;;;;;
3134;5096;4861;REFEIÇÃO - REEMBOLSO;"REGISTRAR REEMBOLSO DOS GASTOS ANTECIPADOS PELA AGÊNCIA PARA PAGAMENTO DE REFEIÇÃO COM CLIENTES E DEMAIS PÚBLICOS DE INTERESSE DO BANCO PARA ATUAR EM EVENTO PROMOCIONAL. 

";;NÃO;NÃO;NÃO;NÃO;NÃO;NÃO;ISENTO DE TRIBUTAÇÃO;;;;;;;;;;;;;;;;;;;;;;;;;;;;;;;;;;;;;;;;;;;;;;;;;;;;;;;;;;;;;;;;;;;;;;;;;;;;;;;;;;;;;;;;;;;;;;;;;;;;;;;;;;;;;
;;EVENTO CDA - MULTIMÍDIA - SUBITEM 880110;NOME DO CDA;DESCRITIVO ATUALIZADO ;ENCAMINHAMENTOS PARA ABSORÇÃO DO SERVIÇO;IRPJ;COFINS;CSLL;PIS/PASEP;RETÉM INSS;RETÉM ISS ?;CÓDIGO - LC 116;;;;;;;;;;;;;;;;;;;;;;;;;;;;;;;;;;;;;;;;;;;;;;;;;;;;;;;;;;;;;;;;;;;;;;;;;;;;;;;;;;;;;;;;;;;;;;;;;;;;;;;;;;;;;
;;5053;MULTIMÍDIA - SERVIÇOS DE INTERNET;"O EVENTO SE DESTINA A PAGAMENTO DE PESSOA FISICA, JURIDICA E COOPERATI VA.       EVENTO DE ACESSO EXCLUSIVO DA DIMAC PARA REGISTRAR OS GASTOS  SERVIÇOS         
 DE INTERNET DEDICADA.";;4,80;3,00;1,00;0,65;NÃO;NÃO;;;;;;;;;;;;;;;;;;;;;;;;;;;;;;;;;;;;;;;;;;;;;;;;;;;;;;;;;;;;;;;;;;;;;;;;;;;;;;;;;;;;;;;;;;;;;;;;;;;;;;;;;;;;;;
;;5054;MULTIMÍDIA - SERVIÇOS GRÁFICOS;"O EVENTO DESTINA-SE A PAGAMENTO DE PESSOA FISICA, PESSOA JURIDICA E CO         
 OPERATIVA. EVENTO DE ACESSO EXCLUSIVO DA DIMAC. REGISTRAR OS GASTOS CO         
 M SERVIÇOS DE CONFECÇÃO E ELABORAÇÃO DE SERVIÇOS GRAFICOS, TAIS COMO                             CARTAZES, FILIPETAS, BANNERS, CARTOES E FAIXAS UTILIZADOS EM  PRODUÇÕES         
 DE MULTIMÍDIA.";;4,80;3,00;1,00;0,65;SIM;SIM;13.05 - Composição gráfica, inclusive confecção de impressos gráficos, fotocomposição, clicheria, zincografia, litografia e fotolitografia, exceto se destinados a posterior operação de comercialização ou industrialização, ainda que incorporados, de qualquer forma, a outra mercadoria que deva ser objeto de posterior circulação, tais como bulas, rótulos, etiquetas, caixas, cartuchos, embalagens e manuais técnicos e de instrução, quando ficarão sujeitos ao ICMS;;;;;;;;;;;;;;;;;;;;;;;;;;;;;;;;;;;;;;;;;;;;;;;;;;;;;;;;;;;;;;;;;;;;;;;;;;;;;;;;;;;;;;;;;;;;;;;;;;;;;;;;;;;;;
;;5055;MULTIMÍDIA - AMBIENTAÇÃO;"O EVENTO DESTINA-SE A PAGAMENTO DE PESSOA FISICA, JURIDICA E COOPERATI         
 VAS. EVENTO DE ACESSO EXCLUSIVO DA DIMAC. REGISTRAR GASTOS COM CENOGRAFIA, AMBIENTAÇÃO E DECORAÇÃO EM PRODUÇÕES DE MULTIMÍDIA.";;4,80;3,00;1,00;0,65;SIM;SIM;7.11 – Decoração e jardinagem, inclusive corte e poda de árvores;;;;;;;;;;;;;;;;;;;;;;;;;;;;;;;;;;;;;;;;;;;;;;;;;;;;;;;;;;;;;;;;;;;;;;;;;;;;;;;;;;;;;;;;;;;;;;;;;;;;;;;;;;;;;
;;5304;MULTIMÍDIA - LOCAÇÃO DE EQUIPAMENTOS DE AUDIO;"EVENTO DE ACESSO EXCLUSIVO DA DIMAC. REGISTRAR GASTOS COM LOCAÇÃO         
 DE EQUIPAMENTOS ÁUDIO VISUAL, ENTREGA OU RETIRADA  SEM  UTILIZAÇÃO  DE         
 MÃO DE OBRA DE INSTALAÇÃO QUE CONSTITUAM DESPESAS EFETIVAS DO BANCO - VERBA PRODUÇÃO DE PROGRAMAS.";;4,80;3,00;1,00;0,65;NÃO;NÃO;;;;;;;;;;;;;;;;;;;;;;;;;;;;;;;;;;;;;;;;;;;;;;;;;;;;;;;;;;;;;;;;;;;;;;;;;;;;;;;;;;;;;;;;;;;;;;;;;;;;;;;;;;;;;;
;;5057;MULTIMÍDIA - PROJETOS DE ARQUITETURA E CENOGRAFIA;"O EVENTO DESTINA-SE AO PAGAMENTO DE PESSOA JURÍDICA E COOPERATIVA         
 EVENTO DE ACESSO EXCLUSIVO DA DIMAC. REGISTRAR OS GASTOS COM  PROJETOS         
 DE ARQUITETURA E CENOGRAFIA, DECORRENTES DE  PRODUÇÕES  DE  MULTIMÍDIA ";;2,4;3,00;1,00;0,65;NÃO;SIM;7.01 – Engenharia, agronomia, agrimensura, arquitetura, geologia, urbanismo, paisagismo e congêneres.;;;;;;;;;;;;;;;;;;;;;;;;;;;;;;;;;;;;;;;;;;;;;;;;;;;;;;;;;;;;;;;;;;;;;;;;;;;;;;;;;;;;;;;;;;;;;;;;;;;;;;;;;;;;;
;;5067;MULTIMÍDIA - COORDENADOR DO EVENTO ;"O EVENTO SE DESTINA A PAGAMENTO DE PESSOA FISICA, JURIDICA.  EVENTO DE         
 ACESSO EXCLUSIVO DA DIMAC. REGISTRAR OS GASTOS COM MAO-DE-OBRA DE PROFISSIONAIS QUE COMPÕEM A EQUIPE DE PRODUÇÃO DE PRODUÇÕES DE MULTIMÍDIA.         
 EXCLUSIVAMENTE PARA REGISTRO DE DESPESAS COM OS SEGUINTES  PROFISSIONAIS: DIRETOR, COORDENADOR, SUPERVISOR, ASSISTENTE, TECNICO,  AUXILIAR E  MONITOR.";;4,80;3,00;1,00;0,65;SIM;SIM;17.10 – Planejamento, organização e administração de feiras, exposições, congressos e congêneres.;;;;;;;;;;;;;;;;;;;;;;;;;;;;;;;;;;;;;;;;;;;;;;;;;;;;;;;;;;;;;;;;;;;;;;;;;;;;;;;;;;;;;;;;;;;;;;;;;;;;;;;;;;;;;
;;5069;MULTIMÍDIA - PLANEJAMENTO DE PROJETO ;" O EVENTO DESTINA-SE AO PAGAMENTO DE PESSOA JURÍDICA.  REGISTRAR GASTOS         
 COM AÇÕES DE PLANEJAMENTO, ESTUDO, DIAGNÓSTICO PARA REALIZAR PRODUÇÕES         
 DE MULTIMIDIA.  O DOCUMENTO FISCAL DEVERÁ SER EMITIDO CONTRA  O  BANCO         
 DO BRASIL.";;4,80;3,00;1,00;0,65;NÃO;SIM;17.10 – Planejamento, organização e administração de feiras, exposições, congressos e congêneres.;;;;;;;;;;;;;;;;;;;;;;;;;;;;;;;;;;;;;;;;;;;;;;;;;;;;;;;;;;;;;;;;;;;;;;;;;;;;;;;;;;;;;;;;;;;;;;;;;;;;;;;;;;;;;
;;5088;MULTIMÍDIA - PRODUTOR LOCAL;" O EVENTO DESTINA-SE AO PAGAMENTO DE PESSOA FÍSICA E JURÍDICA.O  EVENTO         
 DESTINA-SE A CONTRATAçãO DE PROFISSIONAL ESPECIALIZADO EM ORGANIZAçãO,         
 PLANEJAMENTO, ORIENTAçãO E ACOMPANHAMENTO DE TODAS AS FASES DA  REALIZ         
 AçãO DE UM EVENTO DE QUALQUER TIPO, DESDE QUE ENVOLVA ATIVIDADES NECES         
 SÁRIAS, USUAIS E NORMAIS PARA OS NEGÓCIOS DO BANCO. CABE AO PRODUTOR G         
 ERENCIAR TODOS OS SERVIçOS NECESSáRIOS PARA CADA PRODUÇÃO COMO ILUMINA         
 çãO, SOM, SEGURANçA, ACOMODAçãO, ALIMENTAçãO, BEM COMO FAZER CUMPRIR O         
 CRONOGRAMA E RESOLVER EVENTUAIS PROBLEMAS DE úLTIMA HORA.   INCLUEM-SE         
 NESTE EVENTO: DIRETORES DE PRODUçãO, PRODUTORES, COORDENADORES E PROMO         
 TORES DE EVENTOS. DEVERá SER UTILIZADO MEDIANTE INTERMEDIAçãO DAS AGêN         
 CIAS DE PROMOçãO, CABENDO O PAGAMENTO DE HONORáRIOS";;4,80;3,00;1,00;0,65;SIM;SIM;12.13 – Produção, mediante ou sem encomenda prévia, de eventos, espetáculos, entrevistas, shows, ballet, danças, desfiles, bailes, teatros, óperas, concertos, recitais, festivais e congêneres.;;;;;;;;;;;;;;;;;;;;;;;;;;;;;;;;;;;;;;;;;;;;;;;;;;;;;;;;;;;;;;;;;;;;;;;;;;;;;;;;;;;;;;;;;;;;;;;;;;;;;;;;;;;;;
;;5090;MULTIMÍDIA - ALIMENTOS E BEBIDAS - SEM MÃO DE OBRA;O EVENTO SE DESTINA A PAGAMENTO DE PESSOA JURIDICA. EVENTO DE ACESSO EXCLUSIVO DA DIMAC. REGISTRAR OS GASTOS COM COMPRAS DE ALIMENTOS E/OU BEBIDAS, SEM A UTILIZAÇÃO DE MÃO DE OBRA, DECORRENTES DO EVENTOS DE MULTIMÍDIA._;;1,20;3,00;1,00;0,65;NÃO;NÃO;;;;;;;;;;;;;;;;;;;;;;;;;;;;;;;;;;;;;;;;;;;;;;;;;;;;;;;;;;;;;;;;;;;;;;;;;;;;;;;;;;;;;;;;;;;;;;;;;;;;;;;;;;;;;;
;;5091;MULTIMÍDIA - PROJETO EXECUTIVO;" O EVENTO DESTINA-SE AO PAGAMENTO DE PESSOA JURÍDICA. REGISTRAR  GASTOS         
 COM PROJETO EXECUTIVO, INCLUINDO COTAÇÕES DE VALORES E DECUPAGEM DETALHADA DOS SERVIÇOS PELAS AGÊNCIAS NAS PRODUÇÕES DE MULTIMÍDIA. O DOCUMENTO FISCAL DEVERÁ SER EMITIDO CONTRA O BANCO DO BRASIL.";;4,80;3,00;1,00;0,65;NÃO;SIM;17.10 – Planejamento, organização e administração de feiras, exposições, congressos e congêneres.;;;;;;;;;;;;;;;;;;;;;;;;;;;;;;;;;;;;;;;;;;;;;;;;;;;;;;;;;;;;;;;;;;;;;;;;;;;;;;;;;;;;;;;;;;;;;;;;;;;;;;;;;;;;;
;;5092; MULTIMÍDIA - ADAPTAÇÃO DE PEÇAS E IDENTIDADE VISUAL ;O EVENTO DESTINA-SE AO PAGAMENTO DE PESSOA JURÍDICA REGISTRAR GASTOS COM A ADAPTAÇÃO DE PEÇAS E IDENTIDIDADE  VISUAL  PARA  SEREM UTILIZADAS NA PRODUÇÕES DE MULTIMÍDIA.;;4,80;3,00;1,00;0,65;NÃO;SIM;17.10 – Planejamento, organização e administração de feiras, exposições, congressos e congêneres.;;;;;;;;;;;;;;;;;;;;;;;;;;;;;;;;;;;;;;;;;;;;;;;;;;;;;;;;;;;;;;;;;;;;;;;;;;;;;;;;;;;;;;;;;;;;;;;;;;;;;;;;;;;;;
;;5093;MULTIMÍDIA - MONITORAMENTO E MEDIÇÃO DE RESULTADOS; O EVENTO DESTINA-SE AO PAGAMENTO DE PESSOA JURÍDICA REGISTRAR GASTOS EM PRODUÇÕES DE MULTIMÍDIA, PARA AVALIAÇãO QUANTITATIVA DOS RESULTADOS E IMPACTOS DA AÇÃO REALIZADA. O DOCUMENTO FISCAL DEVERÁ SER EMITIDO CONTRA O BANCO DO BRASIL.;;4,80;3,00;1,00;0,65;NÃO;SIM;"17.01 – Assessoria ou consultoria de qualquer natureza, não contida em outros itens desta lista; análise, exame, pesquisa, coleta, compilação e fornecimento de dados e informações de qualquer natureza, inclusive cadastro e similares.";;;;;;;;;;;;;;;;;;;;;;;;;;;;;;;;;;;;;;;;;;;;;;;;;;;;;;;;;;;;;;;;;;;;;;;;;;;;;;;;;;;;;;;;;;;;;;;;;;;;;;;;;;;;;
;;5094;MULTIMÍDIA - HONORÁRIOS E COMISSÕES ; O EVENTO DESTINA-SE AO PAGAMENTO DE PESSOA JURÍDICA EVENTO DE ACESSO EXCLUSIVO DA DIMAC.  REGISTRAR GASTOS COM  HONORARIOS E/OU COMISSOES (AGENCIAS DE PROMOÇÃO) REFERENTES A INTERMEDIAÇAO ENTRE O BANCO E FORNECEDOES, NAS CONTRATAÇOES DESTINADAS A PRODUÇÕES DE MULTIMIDIA.__;;4,80;3,00;1,00;0,65;NÃO;SIM;17.10 – Planejamento, organização e administração de feiras, exposições, congressos e congêneres.;;;;;;;;;;;;;;;;;;;;;;;;;;;;;;;;;;;;;;;;;;;;;;;;;;;;;;;;;;;;;;;;;;;;;;;;;;;;;;;;;;;;;;;;;;;;;;;;;;;;;;;;;;;;;
;;;;;;;;;;;;;;;;;;;;;;;;;;;;;;;;;;;;;;;;;;;;;;;;;;;;;;;;;;;;;;;;;;;;;;;;;;;;;;;;;;;;;;;;;;;;;;;;;;;;;;;;;;;;;;;;;;;;;;;;;
;;;;;;;;;;;;;;;;;;;;;;;;;;;;;;;;;;;;;;;;;;;;;;;;;;;;;;;;;;;;;;;;;;;;;;;;;;;;;;;;;;;;;;;;;;;;;;;;;;;;;;;;;;;;;;;;;;;;;;;;;
;;;Dúvidas sobre impostos federais  (IR, CSLL, Cofins, Pis/Pasep)- Coger/Getri/GEFAZ;MARCO ANTONIO / DANUTA  /  ADALBERTO /  JOEDESON ;;;;;;;;;;;;;;;;;;;;;;;;;;;;;;;;;;;;;;;;;;;;;;;;;;;;;;;;;;;;;;;;;;;;;;;;;;;;;;;;;;;;;;;;;;;;;;;;;;;;;;;;;;;;;;;;;;;;;
;;;Dúvidas sobre ISS - Coger/Getri/GEMEP;PAULO BRANDT  /  FRIZZO;;;;;;;;;;;;;;;;;;;;;;;;;;;;;;;;;;;;;;;;;;;;;;;;;;;;;;;;;;;;;;;;;;;;;;;;;;;;;;;;;;;;;;;;;;;;;;;;;;;;;;;;;;;;;;;;;;;;;
;;;Dúvidas sobre INSS - Coger/Getri/GEMEP;PAULO BRANDT  /  VANESSA COMPARIN;;;;;;;;;;;;;;;;;;;;;;;;;;;;;;;;;;;;;;;;;;;;;;;;;;;;;;;;;;;;;;;;;;;;;;;;;;;;;;;;;;;;;;;;;;;;;;;;;;;;;;;;;;;;;;;;;;;;;
;;;Dúvidas sobre Roteiro CDA e incidência de tributos- NOBAM V;ROGÉRIO MARQUES  /  SHEILA  /  ÉDER GONÇALVES;;;;;;;;;;;;;;;;;;;;;;;;;;;;;;;;;;;;;;;;;;;;;;;;;;;;;;;;;;;;;;;;;;;;;;;;;;;;;;;;;;;;;;;;;;;;;;;;;;;;;;;;;;;;;;;;;;;;;
;;;Dúvidas sobre utilização dos eventos CDA - DIPAG;ROBSON  /  OSVALDO;;;;;;;;;;;;;;;;;;;;;;;;;;;;;;;;;;;;;;;;;;;;;;;;;;;;;;;;;;;;;;;;;;;;;;;;;;;;;;;;;;;;;;;;;;;;;;;;;;;;;;;;;;;;;;;;;;;;;
